0,0,0.5
0.001,3.45110077033549e-07,0.500048263239018
0.002,1.38043709165135e-06,0.500193060164513
0.003,3.10597092943563e-06,0.500434412381142
0.004,5.52169785263184e-06,0.500772356022939
0.005,8.62759602928539e-06,0.501206941613158
0.006,1.24236346216306e-05,0.501738234032687
0.007,1.69097737860908e-05,0.502366312520044
0.008,2.20859646732782e-05,0.503091270671381
0.009,2.79513032944419e-05,0.503913187917696
0.01,3.45047003228802e-05,0.504832150746151
0.011,4.17466184928499e-05,0.505848312154367
0.012,4.96774557108089e-05,0.506961838336003
0.013,5.82975237079901e-05,0.508172907968943
0.014,6.76070480404011e-05,0.509481712215293
0.015,7.76061680888249e-05,0.510888454721381
0.016,8.82949370588189e-05,0.51239335161776
0.017,9.96733219807159e-05,0.513996631519206
0.018,0.000111741203709623,0.515698535524716
0.019,0.000124498376925424,0.517499317217513
0.02,0.000137944550132775,0.519399242665041
0.021,0.000152079345661109,0.521398590418969
0.022,0.000166902299664633,0.523497651515187
0.023,0.00018241286212233,0.525696729473811
0.024,0.000198610396837957,0.527996140299176
0.025,0.000215494181440046,0.530396212479844
0.026,0.000233063407381904,0.532897286988599
0.027,0.000251317179941613,0.535499717282448
0.028,0.00027025451822203,0.53820386930262
0.029,0.000289874355150787,0.541010121474569
0.03,0.000310175537480292,0.543918864707971
0.031,0.000331156825787726,0.546930502396726
0.032,0.000352816894475046,0.550045450418957
0.033,0.000375154331768984,0.553264137137008
0.034,0.000398167639721045,0.55658700339745
0.035,0.000421855234207513,0.560014502531073
0.036,0.000446215444929443,0.563547100352894
0.037,0.000471246515412668,0.567185275162151
0.038,0.000496946603007793,0.570929517742306
0.039,0.000523313778890201,0.574780331361042
0.04,0.000550346028060046,0.578738231770269
0.041,0.000578039784015766,0.5828037246374
0.042,0.000606375674293578,0.58697709058555
0.043,0.000635349481233982,0.591258866637442
0.044,0.000664962268382459,0.595649685116434
0.045,0.000695214512063509,0.600150182110389
0.046,0.000726106101380644,0.604760997471676
0.047,0.000757636338216397,0.609482774817171
0.048,0.000789803937232313,0.614316161528252
0.049,0.000822607025868959,0.619261808750806
0.05,0.000856043144345913,0.624320371395223
0.051,0.000890109245661773,0.6294925081364
0.052,0.000924801695594152,0.634778881413738
0.053,0.000960116272699681,0.640180157431145
0.054,0.000996048168314005,0.645697006157034
0.055,0.00103259198655179,0.651330101324322
0.056,0.00106974174430671,0.657080120430433
0.057,0.00110749087125147,0.662947744737296
0.058,0.00114583220983777,0.668933659271346
0.059,0.00118475801529635,0.675038552823523
0.06,0.00122425995563695,0.681263117949271
0.061,0.00126432911164833,0.687608050968543
0.062,0.00130495597689828,0.694074051965794
0.063,0.00134613045773358,0.700661824789985
0.064,0.00138784187328005,0.707372077054585
0.065,0.00143007895544252,0.714205520137565
0.066,0.00147282984890483,0.721162869181404
0.067,0.00151608211112985,0.728244843093086
0.068,0.00155982271235944,0.735452164544099
0.069,0.00160403803561451,0.742785559970438
0.07,0.00164871387669497,0.750245759572602
0.071,0.00169383544417973,0.757833497315598
0.072,0.00173938735942676,0.765549510928935
0.073,0.001785353656573,0.773394541906631
0.074,0.00183171778253443,0.781369335507206
0.075,0.00187846259700605,0.789474640753689
0.076,0.00192557037246186,0.797711210433611
0.077,0.0019730227941549,0.80607980109901
0.078,0.00202080096011721,0.814581173066431
0.079,0.00206888538115983,0.823216090416922
0.08,0.00211725598087286,0.831985320996037
0.081,0.00216589209562538,0.840889636413836
0.082,0.00221477247456551,0.849929812044886
0.083,0.00226387527962036,0.859106627028255
0.084,0.00231317808549608,0.868420864267522
0.085,0.00236265787967782,0.877873310430766
0.086,0.00241229106242977,0.887464755950576
0.087,0.00246205344679511,0.897195995024043
0.088,0.00251192025859605,0.907067825612767
0.089,0.00256186613643382,0.91708104944285
0.09,0.00261186488106076,0.927236474593569
0.091,0.00266188408312145,0.937534938217131
0.092,0.00271189144056827,0.947977191668692
0.093,0.0027618552334557,0.958563959678778
0.094,0.00281174265550092,0.969295968350043
0.095,0.00286151981408381,0.98017394515727
0.096,0.00291115173024698,0.991198618947368
0.097,0.00296060233869571,1.00237071993938
0.098,0.00300983448779801,1.01369097972446
0.099,0.00305880993958459,1.02516013126592
0.1,0.00310748936974885,1.03677890889916
0.101,0.00315583236764692,1.04854804833175
0.102,0.00320379743629762,1.06046828664336
0.103,0.00325134199238248,1.07254036228579
0.104,0.00329842236624573,1.08476501508299
0.105,0.00334499380189431,1.097142986231
0.106,0.00339101045699786,1.10967501829802
0.107,0.00343642540288874,1.12236185522437
0.108,0.00348119062456199,1.13520424232249
0.109,0.00352525702067537,1.14820292627696
0.11,0.00356857440354936,1.16135865514447
0.111,0.00361109149916712,1.17467217835386
0.112,0.00365275594717452,1.18814424670608
0.113,0.00369351430088015,1.20177561237422
0.114,0.00373331202725528,1.21556702890349
0.115,0.00377209350693392,1.22951925121123
0.116,0.00380980203421275,1.2436330355869
0.117,0.00384637981705117,1.25790913969212
0.118,0.0038817679770713,1.27234832256059
0.119,0.00391590654955794,1.28695134459818
0.12,0.00394873448345861,1.30171896758286
0.121,0.00398018964138352,1.31665195466474
0.122,0.00401020879960562,1.33175107036605
0.123,0.00403872764806052,1.34701708058117
0.124,0.00406568079034656,1.36245075257658
0.125,0.00409100174372479,1.3780528549909
0.126,0.00411462293911896,1.39382415783488
0.127,0.00413647572111551,1.4097654324914
0.128,0.0041564903479636,1.42587745171546
0.129,0.0041745959915751,1.44216098963419
0.13,0.00419072073752457,1.45861682174685
0.131,0.00420479158504928,1.47524572492483
0.132,0.00421673444704923,1.49204847741164
0.133,0.00422647415008707,1.50902585882292
0.134,0.00423393443438822,1.52617865014645
0.135,0.00423903795384075,1.54350763374213
0.136,0.00424170627599547,1.56101359334199
0.137,0.00424186418352451,1.57869721334838
0.138,0.00423948049072928,1.59655818094986
0.139,0.00423447658354586,1.61459739791349
0.14,0.00422675824922699,1.63281613608813
0.141,0.00421623326018149,1.6512156122699
0.142,0.00420281137397431,1.66979698820215
0.143,0.0041864043333265,1.68856137057553
0.144,0.00416692586611521,1.70750981102793
0.145,0.00414429168537373,1.72664330614448
0.146,0.00411841948929142,1.7459627974576
0.147,0.00408922896121379,1.76546917144695
0.148,0.00405664176964242,1.78516325953945
0.149,0.00402058156823504,1.80504583810929
0.15,0.00398097399580545,1.82511762847789
0.151,0.00393774667632359,1.84537929691395
0.152,0.00389082921891551,1.86583145463344
0.153,0.00384015321786334,1.88647465779956
0.154,0.00378565225260534,1.90730940752278
0.155,0.00372726188773589,1.92833614986084
0.156,0.00366491967300546,1.94955527581872
0.157,0.00359856514332063,1.97096712134866
0.158,0.00352813981874411,1.99257196735018
0.159,0.00345358720449471,2.01437003967002
0.16,0.00337485279094733,2.03636150910222
0.161,0.00329188405363301,2.05854649138805
0.162,0.00320463045323888,2.08092504721605
0.163,0.00311304343560819,2.10349718222201
0.164,0.00301707643174029,2.12626284698899
0.165,0.00291668485779065,2.14922193704729
0.166,0.00281182611507084,2.1723742928745
0.167,0.00270245959004855,2.19571969989542
0.168,0.00258854665434758,2.21925788848216
0.169,0.00247005066474781,2.24298853395405
0.17,0.00234693696318528,2.2669112565777
0.171,0.0022191727940555,2.29102562496877
0.172,0.0020867232042181,2.31533145101973
0.173,0.00194958866607028,2.33982755770645
0.174,0.00180779241862166,2.36451198927397
0.175,0.00166136624722618,2.38938251056674
0.176,0.00151035048358215,2.41443660702853
0.177,0.00135479400573221,2.4396714847025
0.178,0.00119475423806336,2.46508407023119
0.179,0.00103029715130694,2.49067101085649
0.18,0.000861497262538642,2.51642867441965
0.181,0.000688437635178514,2.54235314936131
0.182,0.000511209878990941,2.56844024472145
0.183,0.000329914150084661,2.59468549013943
0.184,0.000144659150912756,2.62108413585399
0.185,-4.44378697273397e-05,2.6476311527032
0.186,-0.000237251116693846,2.67432123212455
0.187,-0.000433646248500634,2.70114878615484
0.188,-0.000633480377317227,2.72810794743027
0.189,-0.000836602068968802,2.75519256918641
0.19,-0.00104285134293618,2.78239622525818
0.191,-0.00125205967235585,2.80971221007987
0.192,-0.00146404998401994,2.83713353868514
0.193,-0.00167863665837623,2.86465294670702
0.194,-0.00189562552952816,2.89226289037791
0.195,-0.00211481388523481,2.91995554652955
0.196,-0.00233599046691093,2.94772281259309
0.197,-0.0025589354696269,2.97555630659901
0.198,-0.00278342054210878,3.00344736717717
0.199,-0.00300920878673824,3.0313870535568
0.2,-0.00323605475955264,3.05936614556649
0.201,-0.00346370447024498,3.08737514363421
0.202,-0.00369189538216393,3.11540426878728
0.203,-0.00392035641231376,3.14344346265239
0.204,-0.00414880793135444,3.17148238745561
0.205,-0.00437696176360158,3.19951042602236
0.206,-0.00460453363696104,3.22751678423864
0.207,-0.00483126691918114,3.25549137992485
0.208,-0.00505690596767185,3.28342474604666
0.209,-0.00528120373342629,3.31130770122857
0.21,-0.00550392207014456,3.3391313477294
0.211,-0.00572483173423367,3.36688707144234
0.212,-0.00594371238480758,3.39456654189495
0.213,-0.00616035258368717,3.42216171224911
0.214,-0.00637454979540026,3.44966481930108
0.215,-0.00658611038718159,3.47706838348146
0.216,-0.00679484962897288,3.50436520885521
0.217,-0.00700059169342273,3.53154838312163
0.218,-0.0072031696558867,3.55861127761438
0.219,-0.00740242549442729,3.58554754730149
0.22,-0.00759821008981392,3.61235113078532
0.221,-0.00779038322552296,3.63901625030258
0.222,-0.0079788135877377,3.66553741172436
0.223,-0.00816337876534838,3.69190940455607
0.224,-0.00834396524995215,3.71812730193751
0.225,-0.00852046843585313,3.74418646064279
0.226,-0.00869279262006234,3.77008252108042
0.227,-0.00886085100229775,3.79581140729321
0.228,-0.00902456568498427,3.82136932695838
0.229,-0.00918386767325373,3.84675277138745
0.23,-0.00933869687494491,3.87195851552633
0.231,-0.00948900210060352,3.89698361795528
0.232,-0.00963474106348219,3.92182542088888
0.233,-0.00977588037954051,3.9464815501761
0.234,-0.00991239556744498,3.97094991530025
0.235,-0.0100442710485691,3.99522870937898
0.236,-0.0101715001469931,4.01931640916432
0.237,-0.0102940850895045,4.04321177504264
0.238,-0.0104120370055974,4.06691385103465
0.239,-0.010525375927473,4.09042196479542
0.24,-0.0106341306185962,4.11373572641395
0.241,-0.0107383290125094,4.13685494573684
0.242,-0.0108380148871853,4.159779642209
0.243,-0.0109332417459251,4.18250993226499
0.244,-0.0110240642793029,4.20504596649583
0.245,-0.0111105383651654,4.22738792964903
0.246,-0.0111927210686318,4.24953604062858
0.247,-0.0112706706420941,4.27149055249494
0.248,-0.0113444465252169,4.29325175246507
0.249,-0.0114141093449377,4.31481996191239
0.25,-0.0114797209154663,4.3361955363668
0.251,-0.0115413442382853,4.3573788655147
0.252,-0.0115990435021502,4.37837037319895
0.253,-0.0116528840830889,4.3991705174189
0.254,-0.011702932544402,4.41977979033038
0.255,-0.0117492566366628,4.44019871824569
0.256,-0.0117919252977173,4.46042786163362
0.257,-0.0118310086526841,4.48046781511944
0.258,-0.0118665780139546,4.50031920748491
0.259,-0.0118987058811926,4.51998270166823
0.26,-0.0119274659413349,4.53945899476413
0.261,-0.0119529330685907,4.55874881802379
0.262,-0.011975183324442,4.57785293685488
0.263,-0.0119942939576435,4.59677215082155
0.264,-0.0120103434042223,4.61550729364442
0.265,-0.0120234112874785,4.6340592332006
0.266,-0.0120335784179848,4.65242887152368
0.267,-0.0120409267935863,4.67061714480373
0.268,-0.0120455395994011,4.68862502338729
0.269,-0.0120475012078197,4.7064535117774
0.27,-0.0120468971785055,4.72410364863356
0.271,-0.0120438142583944,4.74157650677175
0.272,-0.0120383403444628,4.75887319246425
0.273,-0.0120305397479614,4.7759943473789
0.274,-0.0120204720643524,4.79294041841678
0.275,-0.0120082131178246,4.80971214972703
0.276,-0.0119938376625894,4.82631028578446
0.277,-0.0119774193828807,4.84273557138963
0.278,-0.011959030892955,4.85898875166878
0.279,-0.0119387437370911,4.87507057207387
0.28,-0.0119166283895906,4.89098177838255
0.281,-0.0118927542547775,4.9067231166982
0.282,-0.0118671896669983,4.9222953334499
0.283,-0.0118400018906221,4.93769917539243
0.284,-0.0118112571200405,4.95293538960629
0.285,-0.0117810204796678,4.96800472349769
0.286,-0.0117493560239405,4.98290792479852
0.287,-0.0117163267373179,4.99764574156641
0.288,-0.0116819945342817,5.01221892218469
0.289,-0.0116464202593362,5.02662821536239
0.29,-0.0116096636870083,5.04087437013424
0.291,-0.0115717835218471,5.05495813586071
0.292,-0.0115328373984247,5.06888026222794
0.293,-0.0114928818813355,5.0826414992478
0.294,-0.0114519724651962,5.09624259725787
0.295,-0.0114101635746466,5.10968430692142
0.296,-0.0113675085643484,5.12296737922744
0.297,-0.0113240597189863,5.13609256549063
0.298,-0.0112798682532673,5.1490606173514
0.299,-0.0112349843119211,5.16187228677584
0.3,-0.0111894569696997,5.17452832605579
0.301,-0.0111433342313778,5.18702948780878
0.302,-0.0110966630317526,5.19937652497803
0.303,-0.0110494892356438,5.21157019083249
0.304,-0.0110018576378938,5.22361123896681
0.305,-0.0109538119633672,5.23550042330135
0.306,-0.0109053948669513,5.24723849808217
0.307,-0.0108566479335562,5.25882621788106
0.308,-0.010807611678114,5.27026433759549
0.309,-0.0107583255455798,5.28155361244865
0.31,-0.010708827910931,5.29269479798945
0.311,-0.0106591560791676,5.30368865009248
0.312,-0.010609346285312,5.31453592495806
0.313,-0.0105594336944094,5.32523737911221
0.314,-0.0105094524015273,5.33579376940666
0.315,-0.0104594354317558,5.34620585301885
0.316,-0.0104094147402075,5.35647438745192
0.317,-0.010359422970293,5.36660027669683
0.318,-0.0103094971774406,5.37658504465781
0.319,-0.010259662454644,5.38642952266974
0.32,-0.0102099418301486,5.39613442258519
0.321,-0.0101603578793963,5.40570045422734
0.322,-0.0101109327250252,5.41512832538991
0.323,-0.0100616880368698,5.42441874183721
0.324,-0.0100126450319607,5.4335724073041
0.325,-0.00996382447452522,5.44259002349604
0.326,-0.00991524667598671,5.45147229008903
0.327,-0.00986693149496499,5.46021990472966
0.328,-0.00981889833727617,5.4688335630351
0.329,-0.00977116615593272,5.47731395859306
0.33,-0.00972375345114343,5.48566178296184
0.331,-0.00967667827031341,5.49387772567031
0.332,-0.00962995820804413,5.50196247421792
0.333,-0.00958361040613337,5.50991671407467
0.334,-0.00953765155357526,5.51774112868114
0.335,-0.00949209788656026,5.52543639944849
0.336,-0.00944696518847515,5.53300320575843
0.337,-0.00940226878990308,5.54044222496327
0.338,-0.00935802356862348,5.54775413238586
0.339,-0.00931424394961216,5.55493960131965
0.34,-0.00927094390504124,5.56199930302863
0.341,-0.00922813695427919,5.56893390674738
0.342,-0.00918583616389079,5.57574407968106
0.343,-0.00914405414763717,5.58243048700538
0.344,-0.0091028030664758,5.58899379186663
0.345,-0.00906209462856047,5.59543465538166
0.346,-0.0090219400892413,5.60175373663792
0.347,-0.00898235025106476,5.6079516926934
0.348,-0.00894333546377365,5.61402917857667
0.349,-0.00890490562430709,5.61998684728689
0.35,-0.00886707017680054,5.62582534979375
0.351,-0.00882983811258581,5.63154533503756
0.352,-0.00879321797019102,5.63714744992915
0.353,-0.00875721783534064,5.64263233934997
0.354,-0.00872184534095547,5.648000646152
0.355,-0.00868710766715262,5.65325301115782
0.356,-0.00865301154124558,5.65839007316057
0.357,-0.00861956323774414,5.66341246892395
0.358,-0.00858676857835443,5.66832083318224
0.359,-0.00855463293197891,5.6731157986403
0.36,-0.0085231612147164,5.67779799597356
0.361,-0.00849235788986201,5.68236805382799
0.362,-0.00846222696790721,5.68682659882017
0.363,-0.00843277200653982,5.69117425553723
0.364,-0.00840399611064395,5.69541164653687
0.365,-0.00837590193230009,5.69953939234738
0.366,-0.00834849167078502,5.7035581114676
0.367,-0.00832176707257189,5.70746842036695
0.368,-0.00829572943133016,5.71127093348542
0.369,-0.00827037958792564,5.71496626323356
0.37,-0.00824571793042046,5.71855501999251
0.371,-0.00822174439407309,5.72203781211397
0.372,-0.00819845846133833,5.72541524592021
0.373,-0.00817585916186733,5.72868792570407
0.374,-0.00815394507250755,5.73185645372897
0.375,-0.0081327143173028,5.73492143022889
0.376,-0.00811216456749322,5.73788345340839
0.377,-0.00809229304151527,5.74074311944259
0.378,-0.00807309650500176,5.7435010224772
0.379,-0.00805457127078184,5.74615775462847
0.38,-0.00803671319888097,5.74871390598324
0.381,-0.00801951769652096,5.75117006459894
0.382,-0.00800297971811995,5.75352681650353
0.383,-0.00798709376529241,5.75578474569556
0.384,-0.0079718680592879,5.75794377476456
0.385,-0.00795732148705252,5.7600033149381
0.386,-0.00794345563377463,5.76196357112828
0.387,-0.00793027187435836,5.76382474434004
0.388,-0.00791777152622049,5.76558702454875
0.389,-0.00790595584929047,5.76725059070024
0.39,-0.00789482604601038,5.7688156107108
0.391,-0.00788438326133496,5.77028224146713
0.392,-0.00787462858273158,5.77165062882643
0.393,-0.00786556304018027,5.77292090761629
0.394,-0.00785718760617373,5.7740932016348
0.395,-0.00784950319571727,5.77516762365046
0.396,-0.00784251066632887,5.77614427540224
0.397,-0.00783621081803916,5.77702324759954
0.398,-0.00783060439339141,5.77780461992223
0.399,-0.00782569207744155,5.7784884610206
0.4,-0.00782147449775815,5.77907482851541
0.401,-0.00781795222442242,5.77956376899786
0.402,-0.00781512577002825,5.77995531802959
0.403,-0.00781299558968213,5.7802495001427
0.404,-0.00781156208100325,5.78044632883974
0.405,-0.00781082558412341,5.78054580659368
0.406,-0.00781078638168709,5.78054792484798
0.407,-0.00781144469885139,5.78045266401651
0.408,-0.00781280070328607,5.7802599934836
0.409,-0.00781485450517354,5.77996987160404
0.41,-0.00781760615720887,5.77958224570306
0.411,-0.00782105565459976,5.77909705207632
0.412,-0.00782520293506656,5.77851421598995
0.413,-0.00783004787884228,5.77783365168053
0.414,-0.00783559030867258,5.77705526235506
0.415,-0.00784182998981574,5.77617894019102
0.416,-0.00784876663004274,5.77520456633631
0.417,-0.00785639987963716,5.7741320109093
0.418,-0.00786472933139525,5.7729611329988
0.419,-0.00787375452062591,5.77169178066405
0.42,-0.00788347492515069,5.77032379093478
0.421,-0.00789388996530377,5.76885698981111
0.422,-0.00790499900393201,5.76729119226366
0.423,-0.00791680134639489,5.76562620223346
0.424,-0.00792929624056454,5.76386181263202
0.425,-0.00794248287682577,5.76199780534127
0.426,-0.00795636038807601,5.7600339512136
0.427,-0.00797092784972534,5.75797001007185
0.428,-0.0079861842796965,5.7558057307093
0.429,-0.00800212863842487,5.75354085088968
0.43,-0.00801875982885849,5.75117509734717
0.431,-0.00803607669645803,5.74870818578639
0.432,-0.00805407802919682,5.74613982088243
0.433,-0.00807276255756085,5.7434696962808
0.434,-0.00809212895454873,5.74069749459746
0.435,-0.00811217583567175,5.73782288741885
0.436,-0.00813290175895382,5.73484553530181
0.437,-0.00815430522493153,5.73176508777367
0.438,-0.00817638467665409,5.72858118333218
0.439,-0.00819913849968337,5.72529344944554
0.44,-0.00822256502209389,5.72190150255242
0.441,-0.00824666251447282,5.71840494806191
0.442,-0.00827142493188022,5.71480333596425
0.443,-0.00829683269584302,5.711095973608
0.444,-0.00832288609982666,5.70728224680887
0.445,-0.00834958755724224,5.70336155789116
0.446,-0.00837693892543005,5.69933330498547
0.447,-0.00840494150565957,5.69519688202873
0.448,-0.00843359604312945,5.69095167876413
0.449,-0.00846290272696755,5.68659708074118
0.45,-0.00849286119023089,5.68213246931567
0.451,-0.00852347050990568,5.67755722164972
0.452,-0.00855472920690733,5.6728707107117
0.453,-0.00858663524608042,5.66807230527633
0.454,-0.00861918603619871,5.66316136992459
0.455,-0.00865237842996516,5.65813726504377
0.456,-0.0086862087240119,5.65299934682746
0.457,-0.00872067265890026,5.64774696727555
0.458,-0.00875576541912075,5.64237947419422
0.459,-0.00879148163309305,5.63689621119595
0.46,-0.00882781537316605,5.63129651769952
0.461,-0.0088647601556178,5.62557972893001
0.462,-0.00890230894065554,5.6197451759188
0.463,-0.00894045413241571,5.61379218550355
0.464,-0.00897918757896393,5.60772008032823
0.465,-0.00901850057229498,5.60152817884313
0.466,-0.00905838384833287,5.59521579530479
0.467,-0.00909882758693074,5.58878223977609
0.468,-0.00913982141187097,5.58222681812619
0.469,-0.00918135439086508,5.57554883203055
0.47,-0.00922341503555379,5.56874757897092
0.471,-0.00926599130150703,5.56182235223537
0.472,-0.00930907058822387,5.55477244091824
0.473,-0.0093526397391326,5.54759712992019
0.474,-0.00939668504159067,5.54029569994815
0.475,-0.00944119222688473,5.5328674275154
0.476,-0.00948614647023062,5.52531158494145
0.477,-0.00953153239077334,5.51762744035217
0.478,-0.0095773340515871,5.50981425767969
0.479,-0.00962353495967528,5.50187129666244
0.48,-0.00967011806597046,5.49379781284516
0.481,-0.00971706576533438,5.48559305757889
0.482,-0.00976435989655798,5.47725627802096
0.483,-0.00981198174236139,5.46878671713499
0.484,-0.00985991202939392,5.46018361369092
0.485,-0.00990813092823405,5.45144620226497
0.486,-0.00995661805338947,5.44257371323966
0.487,-0.010005352463297,5.43356537280381
0.488,-0.0100543126603228,5.42442040295254
0.489,-0.010103476590762,5.41513802148727
0.49,-0.010152821644839,5.40571744201572
0.491,-0.0102023246567075,5.39615787395188
0.492,-0.0102519619044502,5.38645852251608
0.493,-0.0103017091100791,5.37661858873492
0.494,-0.0103515414395353,5.3666372694413
0.495,-0.0104014339052105,5.35651375397714
0.496,-0.010451364380677,5.34624721175574
0.497,-0.0105013023200935,5.33583689873372
0.498,-0.0105512139485208,5.32528209113541
0.499,-0.010601064512056,5.31458206375943
0.5,-0.0106508182778316,5.30373608997865
0.501,-0.0107004385340165,5.29274344174022
0.502,-0.0107498875898152,5.28160338956554
0.503,-0.0107991267754684,5.27031520255029
0.504,-0.0108481164422525,5.2588781483644
0.505,-0.0108968159624801,5.24729149325208
0.506,-0.0109451837294994,5.23555450203181
0.507,-0.0109931771576948,5.22366643809631
0.508,-0.0110407526824865,5.2116265634126
0.509,-0.0110878657603307,5.19943413852193
0.51,-0.0111344708687196,5.18708842253985
0.511,-0.0111805215061811,5.17458867315615
0.512,-0.0112259701922792,5.16193414663491
0.513,-0.0112707684676138,5.14912409781445
0.514,-0.0113148668938209,5.13615778010736
0.515,-0.0113582150535721,5.12303444550052
0.516,-0.0114007615505752,5.10975334455506
0.517,-0.0114424540095738,5.09631372640636
0.518,-0.0114832390763475,5.08271483876409
0.519,-0.0115230624177118,5.06895592791218
0.52,-0.0115618687215182,5.05503623870882
0.521,-0.011599601696654,5.04095501458647
0.522,-0.0116362040730425,5.02671149755185
0.523,-0.011671617601643,5.01230492818595
0.524,-0.0117057830544507,4.99773454564404
0.525,-0.0117386402244966,4.98299958765562
0.526,-0.0117701279258478,4.9680992905245
0.527,-0.0118001839936074,4.95303288912872
0.528,-0.0118287452839141,4.9377996169206
0.529,-0.0118557476739429,4.92239870592673
0.53,-0.0118811260619045,4.90682938674796
0.531,-0.0119048143670457,4.89109088855941
0.532,-0.011926745529649,4.87518243911047
0.533,-0.0119468515110331,4.85910326472477
0.534,-0.0119650632935525,4.84285259030023
0.535,-0.0119813108805976,4.82642963930904
0.536,-0.0119955232965948,4.80983363379764
0.537,-0.0120076285870064,4.79306379438675
0.538,-0.0120175538183306,4.77611934027134
0.539,-0.0120252250781017,4.75899948922065
0.54,-0.0120305674748897,4.7417034575782
0.541,-0.0120335051383008,4.72423046026177
0.542,-0.0120339612189768,4.70657971076338
0.543,-0.0120318578885957,4.68875042114936
0.544,-0.0120271163398713,4.67074180206027
0.545,-0.0120196567865534,4.65255306271096
0.546,-0.0120093984634277,4.63418341089052
0.547,-0.0119962596263159,4.61563205296234
0.548,-0.0119801575520756,4.59689819386403
0.549,-0.0119610085386002,4.57798103710752
0.55,-0.0119387279048192,4.55887978477897
0.551,-0.0119133335000073,4.53959687534121
0.552,-0.0118849240527783,4.52013710952804
0.553,-0.0118533659120366,4.50049785825825
0.554,-0.0118185246573014,4.48067645949111
0.555,-0.0117802723481177,4.46067044741283
0.556,-0.0117384875240558,4.44047755243651
0.557,-0.0116930552047115,4.42009570120221
0.558,-0.0116438668897064,4.39952301657689
0.559,-0.0115908205586874,4.37875781765444
0.56,-0.011533820671327,4.35779861975567
0.561,-0.0114727781673234,4.33664413442832
0.562,-0.0114076104664001,4.31529326944706
0.563,-0.0113382414683064,4.29374512881346
0.564,-0.0112646015528169,4.27199901275605
0.565,-0.0111866275797318,4.25005441773025
0.566,-0.0111042628888769,4.22791103641842
0.567,-0.0110174573001036,4.20556875772984
0.568,-0.0109261671132887,4.18302766680072
0.569,-0.0108303551083347,4.16028804499419
0.57,-0.0107299905451694,4.1373503699003
0.571,-0.0106250491637463,4.11421531533602
0.572,-0.0105155131840446,4.09088375134527
0.573,-0.0104013713060687,4.06735674419886
0.574,-0.0102826187098488,4.04363555639454
0.575,-0.0101592570554406,4.01972164665698
0.576,-0.0100312944829251,3.99561666993779
0.577,-0.00989874561240925,3.97132247741547
0.578,-0.00976163154402522,3.94684111649549
0.579,-0.00961997985793084,3.92217483081019
0.58,-0.0094738246143095,3.89732606021888
0.581,-0.00932320635337008,3.87229744080777
0.582,-0.00916817209534704,3.84709180489
0.583,-0.00900877534050036,3.82171218100564
0.584,-0.00884507606911556,3.79616179392167
0.585,-0.00867714074150373,3.770444064632
0.586,-0.00850504229800145,3.74456261035747
0.587,-0.0083288601589709,3.71852124454584
0.588,-0.00814868022479976,3.69232397687178
0.589,-0.00796459487590126,3.66597501323692
0.59,-0.00777670297271419,3.63947875576977
0.591,-0.00758510985570286,3.6128398028258
0.592,-0.00738992734535712,3.58606294898737
0.593,-0.00719127374219239,3.5591531850638
0.594,-0.00698927382674959,3.53211569809131
0.595,-0.00678405885959522,3.50495587133305
0.596,-0.0065757665813213,3.47767928427909
0.597,-0.0063645412125454,3.45029171264644
0.598,-0.00615053345391062,3.42279912837901
0.599,-0.00593390048608561,3.39520769964764
0.6,-0.00571480596976456,3.36752379085012
0.601,-0.00549348439949464,3.33975687572093
0.602,-0.00527027232847581,3.31192007458322
0.603,-0.00504546488228521,3.28402412268065
0.604,-0.00481935116808911,3.25607956379006
0.605,-0.00459221457583472,3.22809676525551
0.606,-0.00436433277825015,3.2000859179883
0.607,-0.0041359777308444,3.17205703646698
0.608,-0.00390741567190739,3.14401995873731
0.609,-0.00367890712250994,3.1159843464123
0.61,-0.00345070688650379,3.08795968467218
0.611,-0.00322306405052156,3.05995528226445
0.612,-0.00299622198397681,3.0319802715038
0.613,-0.00277041833906398,3.00404360827219
0.614,-0.00254588505075842,2.9761540720188
0.615,-0.0023228483368164,2.94832026576004
0.616,-0.00210152869777509,2.92055061607957
0.617,-0.00188214091695255,2.89285337312827
0.618,-0.00166489406044778,2.86523661062427
0.619,-0.00144999147714065,2.83770822585292
0.62,-0.00123763079869195,2.81027593966682
0.621,-0.0010280039395434,2.78294729648579
0.622,-0.000821297096917587,2.7557296642969
0.623,-0.000617690750818032,2.72863023465445
0.624,-0.000417359664029146,2.70165602267996
0.625,-0.000220472882116267,2.67481386706221
0.626,-2.71937334256154e-05,2.6481104300572
0.627,0.000162320170915669,2.62155219748817
0.628,0.000347916936999548,2.59514547874559
0.629,0.000529450388137068,2.56889640678717
0.63,0.000706780064858358,2.54281093813785
0.631,0.000879798690954545,2.51689309907958
0.632,0.00104846305883844,2.49114448694263
0.633,0.00121272944552523,2.46556781014097
0.634,0.00137255897592373,2.44016563647152
0.635,0.00152791772159031,2.41494038468694
0.636,0.00167877670072883,2.38989432449564
0.637,0.00182511187819072,2.36502957656181
0.638,0.00196690416547493,2.34034811250538
0.639,0.00210413942072793,2.31585175490202
0.64,0.00223680844874374,2.29154217728318
0.641,0.00236490700096388,2.26742090413604
0.642,0.00248843577547744,2.24348931090356
0.643,0.00260740041702101,2.21974862398443
0.644,0.00272181151697872,2.19619992073312
0.645,0.00283168461338225,2.17284412945984
0.646,0.00293704019091077,2.14968202943055
0.647,0.00303790368089103,2.12671425086697
0.648,0.00313430546129727,2.10394127494657
0.649,0.00322628085675128,2.0813634338026
0.65,0.00331387013852238,2.05898091052403
0.651,0.00339711852452742,2.0367937391556
0.652,0.00347607617933078,2.0148018046978
0.653,0.00355079821414436,1.99300484310689
0.654,0.00362134468682761,1.97140244129487
0.655,0.00368778060188751,1.9499940371295
0.656,0.00375017591047855,1.92877891943428
0.657,0.00380860551040278,1.90775622798849
0.658,0.00386314924610975,1.88692495352714
0.659,0.00391389190869656,1.86628393774102
0.66,0.00396092323590784,1.84583187327666
0.661,0.00400430602120255,1.82556847181128
0.662,0.00404408534101745,1.80549419486582
0.663,0.00408034134353846,1.78560826033416
0.664,0.00411315398523509,1.7659098788692
0.665,0.00414260285813868,1.74639826009561
0.666,0.00416876718984239,1.72707261260978
0.667,0.00419172584350121,1.70793214397986
0.668,0.00421155731783196,1.68897606074573
0.669,0.00422833974711329,1.67020356841902
0.67,0.00424215090118568,1.65161387148311
0.671,0.00425306818545142,1.63320617339312
0.672,0.00426116864087466,1.61497967657591
0.673,0.00426652894398134,1.59693358243008
0.674,0.00426922540685927,1.579067091326
0.675,0.00426933397715804,1.56137940260575
0.676,0.00426693023808912,1.54386971458318
0.677,0.00426208940842577,1.52653722454386
0.678,0.00425488634250308,1.50938112874513
0.679,0.00424539553021799,1.49240062241605
0.68,0.00423369109702925,1.47559489975745
0.681,0.00421984680395746,1.45896315394187
0.682,0.004203936047585,1.44250457711363
0.683,0.00418603186005614,1.42621836038877
0.684,0.00416620690907693,1.41010369385509
0.685,0.00414453349791528,1.39415976657211
0.686,0.00412108356540089,1.37838576657112
0.687,0.00409592868592534,1.36278088085514
0.688,0.00406914006944199,1.34734429539894
0.689,0.00404078856146606,1.33207519514904
0.69,0.00401094451298564,1.31697276189051
0.691,0.00397967188170167,1.30203613410455
0.692,0.00394703155463107,1.28726456389616
0.693,0.00391308482604884,1.27265734971005
0.694,0.00387789195105411,1.2582137875834
0.695,0.00384151214557014,1.24393317114594
0.696,0.00380400358634433,1.22981479161988
0.697,0.00376542341094822,1.21585793781996
0.698,0.00372582771777747,1.20206189615341
0.699,0.0036852715660519,1.18842595062
0.7,0.00364380897581543,1.17494938281197
0.701,0.00360149292793616,1.16163147191412
0.702,0.00355837536410627,1.1484714947037
0.703,0.00351450718684213,1.13546872555053
0.704,0.00346993825948421,1.1226224364169
0.705,0.00342471740619713,1.10993189685763
0.706,0.00337889241196962,1.09739637402003
0.707,0.00333251002261458,1.08501513264395
0.708,0.00328561594476903,1.07278743506172
0.709,0.00323825484589411,1.06071254119819
0.71,0.00319047035427513,1.04878970857074
0.711,0.0031423050590215,1.03701819228923
0.712,0.00309380051006678,1.02539724505605
0.713,0.00304499721816866,1.01392611716609
0.714,0.00299593465490898,1.00260405650676
0.715,0.0029466512526937,0.991430308557963
0.716,0.00289718440475292,0.980404116392132
0.717,0.00284757046514087,0.969524720674198
0.718,0.00279784474873591,0.958791359661606
0.719,0.00274804153124056,0.948203269204311
0.72,0.00269819404918145,0.937759682744776
0.721,0.00264833449990935,0.927459831317976
0.722,0.00259849404159917,0.917302943551396
0.723,0.00254870279324996,0.907288245665031
0.724,0.00249898983468489,0.897414961471386
0.725,0.00244938320655128,0.887682312375476
0.726,0.00239990991032058,0.878089517374825
0.727,0.00235059590828836,0.86863579305947
0.728,0.00230146612357434,0.859320353611955
0.729,0.00225254444012239,0.850142410807337
0.73,0.00220385370270048,0.84110117401318
0.731,0.00215541571690073,0.832195850189561
0.732,0.00210725124913942,0.823425643889065
0.733,0.00205938002665692,0.814789757256788
0.734,0.00201182073751777,0.806287390030338
0.735,0.00196459103061062,0.797917739539828
0.736,0.00191770751564828,0.789680000707886
0.737,0.00187118576316768,0.781573366049648
0.738,0.00182504767731673,0.773596859055595
0.739,0.00177931643597568,0.765749500714171
0.74,0.00173400489514602,0.758030569211747
0.741,0.00168912556651606,0.750439349431018
0.742,0.00164469066571212,0.742975131793954
0.743,0.00160071211229853,0.735637212261796
0.744,0.00155720152977763,0.728424892335061
0.745,0.00151417024558975,0.721337479053541
0.746,0.00147162929111325,0.7143742849963
0.747,0.00142958940166447,0.707534628281674
0.748,0.00138806101649776,0.700817832567278
0.749,0.00134705427880549,0.694223227049995
0.75,0.00130657903571803,0.687750146465987
0.751,0.00126664483830374,0.681397931090687
0.752,0.001227260941569,0.675165926738801
0.753,0.00118843630445819,0.669053484764311
0.754,0.00115017958985371,0.663059962060472
0.755,0.00111249916457593,0.657184721059813
0.756,0.00107540309938327,0.651427129734136
0.757,0.00103889916897211,0.645786561594518
0.758,0.00100299485197688,0.640262395691309
0.759,0.000967697330969981,0.634854016614133
0.76,0.000933013492461832,0.629560814491888
0.761,0.00089894992690086,0.624382184992747
0.762,0.000865512928673492,0.619317529324153
0.763,0.000832708496104162,0.614366254232828
0.764,0.000800542331455311,0.609527772004764
0.765,0.000769019840927382,0.604801500465229
0.766,0.000738146134658827,0.600186862978762
0.767,0.000707926026726101,0.59568328844918
0.768,0.000678364035143664,0.59129021131957
0.769,0.000649464381863982,0.587007071572295
0.77,0.000621230992777524,0.582833314728991
0.771,0.000593667497712771,0.578768391850569
0.772,0.0005667772304362,0.574811759537212
0.773,0.000540563228652301,0.570962879928378
0.774,0.000515028234003564,0.567221220702798
0.775,0.000490174692070487,0.563586255078478
0.776,0.000466004752371574,0.560057461812697
0.777,0.000442520268363331,0.556634325202009
0.778,0.000419722797440272,0.553316335082239
0.779,0.000397613600934916,0.550102986828489
0.78,0.000376193644117786,0.546993781355133
0.781,0.00035546359619741,0.54398822511582
0.782,0.000335423830320325,0.541085830103472
0.783,0.000316074423571068,0.538286113850284
0.784,0.000297415156972183,0.535588599427727
0.785,0.000279445515484223,0.532992815446545
0.786,0.000262164688005741,0.530498296056754
0.787,0.000245571567373297,0.528104580947647
0.788,0.00022966475036146,0.525811215347788
0.789,0.000214442537682795,0.523617750025016
0.79,0.000199902933987885,0.521523741286445
0.791,0.000186043647865308,0.519528750978461
0.792,0.000172862091841653,0.517632346486724
0.793,0.000160355382381507,0.515834100736168
0.794,0.000148520339887473,0.514133592191003
0.795,0.000137353829272792,0.512530423350659
0.796,0.000126862031081461,0.511024715954713
0.797,0.000117049633029905,0.509616508158942
0.798,0.000107918061366945,0.508305672826787
0.799,9.94686765564795e-05,0.507092093962653
0.8,9.17027732774916e-05,0.505975666711913
0.801,8.46215804240443e-05,0.504956297360908
0.802,7.82262611052824e-05,0.504033903336942
0.803,7.25179126454322e-05,0.503208413208288
0.804,6.74975665838015e-05,0.502479766684184
0.805,6.31661886747794e-05,0.501847914614837
0.806,5.95246788878365e-05,0.501312818991417
0.807,5.6573871407525e-05,0.500874452946063
0.808,5.43145346334783e-05,0.500532800751879
0.809,5.27473711804116e-05,0.500287857822936
0.81,5.18730178781213e-05,0.500139630714272
0.811,5.16920457714853e-05,0.50008813712189
0.812,5.22049601204631e-05,0.500133405882761
0.813,5.34122004000952e-05,0.500275476974822
0.814,5.53141403005042e-05,0.500514401516975
0.815,5.79110877268937e-05,0.500850241769092
0.816,6.12032847995489e-05,0.501283071132007
0.817,6.51909078538366e-05,0.501812974147524
0.818,6.9874067440205e-05,0.502440046498411
0.819,7.52528083241831e-05,0.503164395008404
0.82,8.13271094863825e-05,0.503986137642205
0.821,8.80968841224956e-05,0.504905403505483
0.822,9.55619796432962e-05,0.505922332844872
0.823,0.000103722177674639,0.507037077047974
0.824,0.000112577194057463,0.508249798643357
0.825,0.000122126678847784,0.509560671300554
0.826,0.000132370216316702,0.510969879830066
0.827,0.000143307324950401,0.512477620183362
0.828,0.00015493745745014,0.514084099452873
0.829,0.000167260000732266,0.515789535872001
0.83,0.000180274275928203,0.517594158815112
0.831,0.000193979538384458,0.519498208797538
0.832,0.000208374977662621,0.52150193747558
0.833,0.000223459717539359,0.523605607646503
0.834,0.000239232816006426,0.525809493248539
0.835,0.000255693265270654,0.528113879360887
0.836,0.000272839991753959,0.530519062203713
0.837,0.000290671856093333,0.533025349138148
0.838,0.000309187653140857,0.53563305866629
0.839,0.000328386111963687,0.538342520431204
0.84,0.000348265895844067,0.541154075216921
0.841,0.000368825602279313,0.544068074948439
0.842,0.000390063762981832,0.547084882691721
0.843,0.000411978843879108,0.550204872653697
0.844,0.000434569245113706,0.553428430182266
0.845,0.000457833301043273,0.556755951766289
0.846,0.000481769280240539,0.560187845035597
0.847,0.000506375385493314,0.563724528760986
0.848,0.00053164975380449,0.567366432854219
0.849,0.00055759045639204,0.571113998368025
0.85,0.000584195498689018,0.574967677496098
0.851,0.000611462820343563,0.578927933573103
0.852,0.000639390175540269,0.58299524237271
0.853,0.00066796266187193,0.587170263828903
0.854,0.000697172183955424,0.59145370905091
0.855,0.000727019872432708,0.595846211468115
0.856,0.000757506267697582,0.60034840823297
0.857,0.000788631319895686,0.604960940220997
0.858,0.000820394388924499,0.609684452030788
0.859,0.000852794244433341,0.614519591984002
0.86,0.000885829065823374,0.619467012125371
0.861,0.000919496442247598,0.624527368222692
0.862,0.000953793372610855,0.629701319766834
0.863,0.000988716265569826,0.634989529971735
0.864,0.00102426093953303,0.640392665774401
0.865,0.00106042262266084,0.645911397834909
0.866,0.00109719595286545,0.651546400536404
0.867,0.0011345749778109,0.6572983519851
0.868,0.00117255315491309,0.663167934010283
0.869,0.00121112335133973,0.669155832164304
0.87,0.00125027784401038,0.675262735722587
0.871,0.00129000831959646,0.681489337683623
0.872,0.00133030587452121,0.687836334768974
0.873,0.00137116101495971,0.694304427423269
0.874,0.00141256365683889,0.700894319814209
0.875,0.00145450312583752,0.707606719832562
0.876,0.0014969681573862,0.714442339092167
0.877,0.00153994689666738,0.721401892929931
0.878,0.00158342689861535,0.72848610040583
0.879,0.00162739512791624,0.735695684302911
0.88,0.00167183795900802,0.74303137112729
0.881,0.00171674117608048,0.750493891108149
0.882,0.00176208997307529,0.758083978197745
0.883,0.00180786895368594,0.765802370071399
0.884,0.00185406213135774,0.773649808127504
0.885,0.00190065292928788,0.781627037487521
0.886,0.00194762418042536,0.789734806995983
0.887,0.00199495812747104,0.797973869220488
0.888,0.00204263642287761,0.806344980451707
0.889,0.00209064012884959,0.814848900703378
0.89,0.00213894971734336,0.823486393712309
0.891,0.00218754507006714,0.832258226938379
0.892,0.00223640547848098,0.841165171564532
0.893,0.00228550964379677,0.850208002496786
0.894,0.00233483567697823,0.859387498364224
0.895,0.00238436109874096,0.868704441519003
0.896,0.00243406283955237,0.878159618036346
0.897,0.0024839172396317,0.887753817714544
0.898,0.00253390004895005,0.897487834074962
0.899,0.00258398642723037,0.90736246436203
0.9,0.00263415094394742,0.91737850954325
0.901,0.00268436749163787,0.927536775353108
0.902,0.00273460454628455,0.937838100197082
0.903,0.00278482945347865,0.948283244371404
0.904,0.00283501039788542,0.958872931810637
0.905,0.00288511448151161,0.969607887857447
0.906,0.00293510772370546,0.980488839262598
0.907,0.0029849550611567,0.991516514184954
0.908,0.00303462034789658,1.00269164219148
0.909,0.00308406635529782,1.01401495425724
0.91,0.00313325477207466,1.0254871827654
0.911,0.00318214620428283,1.03710906150723
0.912,0.00323070017531955,1.04888132568209
0.913,0.00327887512592356,1.06080471189744
0.914,0.00332662841417507,1.07287995816885
0.915,0.0033739163154958,1.08510780391999
0.916,0.00342069402264897,1.09748898998262
0.917,0.00346691564573929,1.11002425859661
0.918,0.00351253421221299,1.12271435340992
0.919,0.00355750166685776,1.13556001947862
0.92,0.00360176887180282,1.14856200326687
0.921,0.00364528560651888,1.16172105264694
0.922,0.00368800056781813,1.1750379168992
0.923,0.00372986136985428,1.18851334671212
0.924,0.00377081454412253,1.20214809418225
0.925,0.00381080553945958,1.21594291281427
0.926,0.00384977872204361,1.22989855752094
0.927,0.00388767737539433,1.24401578462313
0.928,0.00392444370037291,1.2582953518498
0.929,0.00396001881518206,1.27273801833803
0.93,0.00399434275536595,1.28734454463297
0.931,0.00402735447381026,1.30211569268791
0.932,0.00405899184074218,1.31705222586419
0.933,0.00408919164373038,1.33215490893129
0.934,0.00411788958768505,1.34742450806679
0.935,0.00414502029485785,1.36286179085633
0.936,0.00417051730484195,1.3784675262937
0.937,0.00419431307457202,1.39424248478076
0.938,0.00421633897832424,1.41018743812748
0.939,0.00423652530771626,1.42630315955193
0.94,0.00425480127170724,1.44259042368026
0.941,0.00427109499659784,1.45905000654676
0.942,0.00428533352603023,1.47568268559378
0.943,0.00429744282098805,1.49248923967181
0.944,0.00430734775979646,1.5094704490394
0.945,0.00431497213812211,1.52662709536322
0.946,0.00432023866897315,1.54395996171805
0.947,0.00432306898269921,1.56146983258675
0.948,0.00432338362699145,1.57915749386028
0.949,0.00432113771553758,1.59702291223708
0.95,0.00431627758215846,1.61506637324868
0.951,0.00430870772339527,1.63328918556003
0.952,0.00429833470103769,1.65169260050807
0.953,0.00428506715160768,1.67027781187516
0.954,0.0042688157863595,1.68904595588906
0.955,0.00424949339127966,1.70799811122295
0.956,0.00422701482708696,1.72713529899541
0.957,0.00420129702923248,1.74645848277044
0.958,0.00417225900789956,1.76596856855747
0.959,0.00413982184800384,1.7856664048113
0.96,0.00410390870919322,1.80555278243219
0.961,0.00406444482584789,1.82562843476577
0.962,0.00402135750708031,1.84589403760312
0.963,0.00397457613673521,1.86635020918071
0.964,0.00392403217338961,1.88699751018042
0.965,0.00386965915035281,1.90783644372956
0.966,0.00381139267566637,1.92886745540083
0.967,0.00374917043210414,1.95009093321237
0.968,0.00368293217717225,1.9715072076277
0.969,0.00361261974310909,1.99311655155578
0.97,0.00353817703688535,2.01491918035096
0.971,0.00345955004020399,2.03691525181302
0.972,0.00337668680950022,2.05910486618715
0.973,0.00328953747594157,2.08148806616395
0.974,0.00319805424542783,2.10406483687942
0.975,0.00310219139859105,2.12683510591499
0.976,0.00300190529079558,2.14979874329749
0.977,0.00289715435213804,2.17295556149917
0.978,0.00278789908744732,2.19630531543769
0.979,0.0026741020762846,2.21984770247613
0.98,0.00255572797294334,2.24358236242296
0.981,0.00243274350644925,2.26750887753209
0.982,0.00230511748056034,2.29162677250282
0.983,0.00217281584624577,2.31593572563975
0.984,0.00203581623216474,2.34043529386081
0.985,0.00189414221930297,2.36512352817747
0.986,0.00174782806485522,2.38999812158353
0.987,0.00159691642281093,2.41505649192244
0.988,0.00144145834395428,2.44029578188729
0.989,0.00128151327586413,2.46571285902081
0.99,0.00111714906291405,2.49130431571536
0.991,0.000948441946272304,2.51706646921296
0.992,0.000775476563901882,2.54299536160525
0.993,0.000598345950560466,2.56908675983351
0.994,0.000417151537800442,2.59533615568869
0.995,0.0002320031539689,2.62173876581133
0.996,4.30190242076411e-05,2.64828953169165
0.997,-0.000149674229546836,2.67498311966949
0.998,-0.000345941588563328,2.70181392093434
0.999,-0.000545639637315923,2.72877605152532
1,-0.000748616563484005,2.75586335233119
1.001,-0.000954712157952236,2.78306938909036
1.002,-0.00116375781481066,2.81038745239087
1.003,-0.00137557653135451,2.8378105576704
1.004,-0.00158998290808429,2.86533144521627
1.005,-0.00180678314870592,2.89294258016545
1.006,-0.00202577506013062,2.92063615250454
1.007,-0.00224674805247478,2.94840407706977
1.008,-0.00246948313906011,2.97623799354702
1.009,-0.00269375293641369,3.00412926647182
1.01,-0.00291932166426794,3.03206898522933
1.011,-0.00314594514556042,3.06004796405435
1.012,-0.00337337080643403,3.0880567420313
1.013,-0.00360133767623704,3.11608558309427
1.014,-0.00382957638752302,3.14412447602698
1.015,-0.00405780917605075,3.17216313446278
1.016,-0.00428574988078429,3.20019099688467
1.017,-0.00451310595131895,3.22819725356924
1.018,-0.00473961618991795,3.25617165024297
1.019,-0.00496502976347844,3.28410470270157
1.02,-0.00518909880488163,3.31198719852363
1.021,-0.00541158442416108,3.33981021187939
1.022,-0.0056322567085026,3.36756510353071
1.023,-0.00585089472224419,3.39524352083103
1.024,-0.0060672865068761,3.42283739772544
1.025,-0.00628122908104095,3.45033895475061
1.026,-0.00649252844053362,3.47774069903489
1.027,-0.00670099955830115,3.50503542429817
1.028,-0.00690646638444286,3.53221621085201
1.029,-0.00710876184621042,3.55927642559956
1.03,-0.00730772784800776,3.58620972203562
1.031,-0.00750321527139098,3.61301004024655
1.032,-0.00769508397506847,3.63967160691038
1.033,-0.00788320279490093,3.66618893529672
1.034,-0.00806744954390137,3.69255682526683
1.035,-0.00824771101223495,3.71877036327356
1.036,-0.00842388296721909,3.74482492236138
1.037,-0.00859587015332358,3.77071616216638
1.038,-0.00876358629217045,3.79644002891629
1.039,-0.00892695408253394,3.82199275543041
1.04,-0.00908590520034053,3.84737086111968
1.041,-0.00924038029866906,3.87257115198667
1.042,-0.00939032900775058,3.89759072062554
1.043,-0.00953570993496844,3.9224269462221
1.044,-0.00967649066485821,3.94707749455375
1.045,-0.00981264775910769,3.9715403179895
1.046,-0.00994416675655704,3.99581365549
1.047,-0.0100710421731987,4.01989603260751
1.048,-0.0101932775021772,4.0437862614859
1.049,-0.0103108852137894,4.06748344086065
1.05,-0.0104238867554847,4.09098695605887
1.051,-0.0105323100051458,4.1142964344398
1.052,-0.010636178666628,4.13741149532901
1.053,-0.0107355402132352,4.16033213659881
1.054,-0.0108304474382319,4.18305845695784
1.055,-0.0109209543739566,4.20559059061883
1.056,-0.0110071162918224,4.22792870729867
1.057,-0.0110889897023169,4.25007301221836
1.058,-0.011166632355002,4.27202374610302
1.059,-0.011240103238514,4.29378118518194
1.06,-0.0113094625805637,4.31534564118849
1.061,-0.0113747718479363,4.33671746136018
1.062,-0.0114360937464913,4.35789702843868
1.063,-0.0114934922211628,4.37888476066976
1.064,-0.0115470324559591,4.39968111180333
1.065,-0.011596780873963,4.4202865710934
1.066,-0.0116428051373319,4.44070166329815
1.067,-0.0116851741472973,4.46092694867988
1.068,-0.0117239580441654,4.48096302300499
1.069,-0.0117592282073166,4.50081051754404
1.07,-0.0117910572552058,4.5204700990717
1.071,-0.0118195190453623,4.53994246986678
1.072,-0.0118446886743899,4.5592283677122
1.073,-0.0118666424779666,4.57832856589504
1.074,-0.0118854580308451,4.59724387320649
1.075,-0.0119012141468522,4.61597513394186
1.076,-0.0119139908788895,4.6345232279006
1.077,-0.0119238695189326,4.65288907038628
1.078,-0.0119309325980318,4.67107361220662
1.079,-0.0119352638863116,4.68907783967345
1.08,-0.0119369483929713,4.70690277460273
1.081,-0.011936072366284,4.72454947431454
1.082,-0.0119327232935979,4.74201903163312
1.083,-0.0119269861833567,4.75931250153703
1.084,-0.011918913943465,4.77643025916497
1.085,-0.0119085764842893,4.79337292517305
1.086,-0.011896049568135,4.81014124661815
1.087,-0.0118814078897566,4.82673597077054
1.088,-0.0118647250763575,4.84315784511389
1.089,-0.0118460736875902,4.85940761734528
1.09,-0.0118255252155563,4.87548603537519
1.091,-0.0118031500848063,4.89139384732754
1.092,-0.0117790176523399,4.9071318015396
1.093,-0.0117531962076057,4.92270064656207
1.094,-0.0117257529725014,4.93810113115907
1.095,-0.0116967541013737,4.95333400430811
1.096,-0.0116662646810183,4.96840001520011
1.097,-0.0116343487306799,4.98329991323938
1.098,-0.0116010692020525,4.99803444804366
1.099,-0.0115664879792788,5.01260436944407
1.1,-0.0115306658789506,5.02701042748516
1.101,-0.0114936626501089,5.04125337242487
1.102,-0.0114555369742435,5.05533395473454
1.103,-0.0114163464652935,5.06925292509893
1.104,-0.0113761476696469,5.0830110344162
1.105,-0.0113349960661405,5.0966090337979
1.106,-0.0112929460660606,5.11004767456901
1.107,-0.0112500510131422,5.1233277082679
1.108,-0.0112063631835693,5.13644988664635
1.109,-0.0111619337859752,5.14941496166955
1.11,-0.011116812961442,5.16222368551607
1.111,-0.0110710497835009,5.17487681057792
1.112,-0.0110246922581321,5.1873750894605
1.113,-0.010977787323765,5.1997192749826
1.114,-0.0109303808512779,5.21191012017643
1.115,-0.0108825176439979,5.22394837828763
1.116,-0.0108342414377017,5.23583480277519
1.117,-0.0107855949006144,5.24757014731154
1.118,-0.0107366196334106,5.25915516578253
1.119,-0.0106873561692137,5.27059061228737
1.12,-0.0106378439735963,5.28187724113871
1.121,-0.0105881214445797,5.29301580686259
1.122,-0.0105382259126347,5.30400706419847
1.123,-0.0104881936406807,5.3148517680992
1.124,-0.0104380598240864,5.32555067373104
1.125,-0.0103878585906694,5.33610453647365
1.126,-0.0103376230006965,5.34651411192011
1.127,-0.0102873853187861,5.35678017856046
1.128,-0.0102371838221296,5.36690421444973
1.129,-0.0101870475303872,5.37688728779044
1.13,-0.010137000118986,5.38673010794288
1.131,-0.0100870648051343,5.3964333824048
1.132,-0.010037264347822,5.40599781681145
1.133,-0.00998762104782036,5.41542411493554
1.134,-0.00993815674768207,5.42471297868728
1.135,-0.00988889283174125,5.43386510811435
1.136,-0.00983985022611344,5.4428812014019
1.137,-0.00979104939869564,5.45176195487257
1.138,-0.0097425103591662,5.46050806298649
1.139,-0.00969425265898496,5.46912021834124
1.14,-0.00964629539139316,5.47759911167191
1.141,-0.00959865719141348,5.48594543185104
1.142,-0.00955135623585,5.49415986588869
1.143,-0.00950441024328823,5.50224309893235
1.144,-0.00945783647409513,5.51019581426703
1.145,-0.00941165173041908,5.5180186933152
1.146,-0.00936587235618985,5.5257124156368
1.147,-0.00932051423711866,5.53327765892928
1.148,-0.00927559280069816,5.54071509902755
1.149,-0.00923112301620242,5.54802540990399
1.15,-0.00918711939468694,5.55520926366847
1.151,-0.00914359598898862,5.56226733056836
1.152,-0.00910056639372581,5.56920027898846
1.153,-0.00905804374529829,5.5760087754511
1.154,-0.00901604072188724,5.58269348461607
1.155,-0.00897456954345528,5.58925506928062
1.156,-0.00893364197174644,5.59569419037951
1.157,-0.00889326931028623,5.60201150698496
1.158,-0.0088534624043815,5.60820767630667
1.159,-0.00881423164112058,5.61428335369184
1.16,-0.00877558694937322,5.62023919262513
1.161,-0.00873753779979059,5.62607584472868
1.162,-0.00870009320480527,5.63179395976211
1.163,-0.00866326171863128,5.63739418562253
1.164,-0.00862705143726407,5.64287716834451
1.165,-0.0085914699984805,5.64824355210013
1.166,-0.00855652458183888,5.65349397919892
1.167,-0.00852222190867889,5.65862909008789
1.168,-0.00848856824212171,5.66364952335156
1.169,-0.00845556938706989,5.6685559157119
1.17,-0.00842323069020743,5.67334890202836
1.171,-0.00839155703999974,5.67802911529789
1.172,-0.00836055286669366,5.6825971866549
1.173,-0.00833022214231746,5.68705374537129
1.174,-0.00830056838068084,5.69139941885643
1.175,-0.00827159463737492,5.69563483265718
1.176,-0.00824330350977221,5.69976061045788
1.177,-0.00821569713702671,5.70377737408033
1.178,-0.0081887772000738,5.70768574348384
1.179,-0.00816254492163031,5.71148633676517
1.18,-0.00813700106619445,5.71517977015858
1.181,-0.00811214594004592,5.7187666580358
1.182,-0.00808797939124579,5.72224761290603
1.183,-0.00806450080963659,5.72562324541598
1.184,-0.00804170912684225,5.72889416434981
1.185,-0.00801960281626815,5.73206097662916
1.186,-0.00799817989310107,5.73512428731317
1.187,-0.00797743791430923,5.73808469959845
1.188,-0.00795737397864227,5.74094281481908
1.189,-0.00793798472663126,5.74369923244664
1.19,-0.00791926634058869,5.74635455009015
1.191,-0.00790121454460848,5.74890936349616
1.192,-0.00788382460456596,5.75136426654866
1.193,-0.0078670913281179,5.75371985126915
1.194,-0.0078510090647025,5.75597670781658
1.195,-0.00783558411864895,5.75813484122943
1.196,-0.00782083767342622,5.76019354416557
1.197,-0.00780677166122983,5.76215300485848
1.198,-0.00779338746791767,5.7640134235481
1.199,-0.00778068642159961,5.76577498945834
1.2,-0.00776866979263755,5.76743788079706
1.201,-0.00775733879364536,5.76900226475608
1.202,-0.00774669457948895,5.77046829751117
1.203,-0.00773673824728619,5.77183612422207
1.204,-0.00772747083640698,5.77310587903248
1.205,-0.0077188933284732,5.77427768507004
1.206,-0.00771100664735875,5.77535165444636
1.207,-0.00770381165918952,5.77632788825701
1.208,-0.00769730917234339,5.77720647658151
1.209,-0.00769149993745027,5.77798749848334
1.21,-0.00768638464739204,5.77867102200994
1.211,-0.00768196393730259,5.7792571041927
1.212,-0.00767823838456784,5.77974579104699
1.213,-0.00767520850882565,5.7801371175721
1.214,-0.00767287477196595,5.78043110775131
1.215,-0.00767123757813062,5.78062777455184
1.216,-0.00767029727371355,5.78072711992488
1.217,-0.00767005414736065,5.78072913480557
1.218,-0.00767050842996982,5.78063379911301
1.219,-0.00767166029469095,5.78044108175025
1.22,-0.00767350985692595,5.78015094060431
1.221,-0.00767605717432872,5.77976332254616
1.222,-0.00767930224680516,5.77927816343072
1.223,-0.00768324501651317,5.77869538809689
1.224,-0.00768788536786265,5.77801491036751
1.225,-0.00769322312751551,5.77723663304939
1.226,-0.00769925806438566,5.77636044793327
1.227,-0.00770598988963899,5.77538623579388
1.228,-0.00771341825669343,5.7743138663899
1.229,-0.00772154276121886,5.77314319846394
1.23,-0.0077303629411372,5.77187407974262
1.231,-0.00773987827662236,5.77050634693646
1.232,-0.00775008819010025,5.76903982573998
1.233,-0.00776099204624877,5.76747433083165
1.234,-0.00777258915199784,5.76580966587387
1.235,-0.00778487875652937,5.76404562351303
1.236,-0.00779786005127726,5.76218198537946
1.237,-0.00781153216992745,5.76021852208745
1.238,-0.00782589418841782,5.75815499323526
1.239,-0.0078409451249383,5.7559911474051
1.24,-0.00785668393993082,5.75372672216313
1.241,-0.00787310953608927,5.75136144405947
1.242,-0.00789022075835957,5.7488950286282
1.243,-0.00790801639393965,5.74632718038736
1.244,-0.00792649517227942,5.74365759283896
1.245,-0.00794565576508079,5.74088594846893
1.246,-0.00796549678629769,5.7380119187472
1.247,-0.00798601679213604,5.73503516412762
1.248,-0.00800721428105376,5.73195533404804
1.249,-0.00802908769376077,5.72877206693022
1.25,-0.00805163541321898,5.72548499017992
1.251,-0.00807485576464233,5.72209372018683
1.252,-0.00809874701549674,5.71859786232461
1.253,-0.00812330548093016,5.71499699178754
1.254,-0.00814851114499641,5.71129043805442
1.255,-0.00817436144209324,5.70747756437725
1.256,-0.00820085887019494,5.70355777184056
1.257,-0.00822800536865037,5.69953045737327
1.258,-0.00825580231818289,5.69539501374875
1.259,-0.00828425054089044,5.69115082958473
1.26,-0.00831335030024547,5.68679728934339
1.261,-0.00834310130109497,5.68233377333129
1.262,-0.00837350268966046,5.67775965769944
1.263,-0.00840455305353801,5.67307431444321
1.264,-0.00843625042169823,5.66827711140241
1.265,-0.00846859226448624,5.66336741226127
1.266,-0.00850157549362173,5.6583445765484
1.267,-0.0085351964621989,5.65320795963683
1.268,-0.00856945096468651,5.64795691274402
1.269,-0.00860433423692784,5.64259078293182
1.27,-0.0086398409561407,5.63710891310649
1.271,-0.00867596524091746,5.63151064201871
1.272,-0.00871270065122502,5.62579530426357
1.273,-0.0087500401884048,5.61996223028055
1.274,-0.00878797629517276,5.61401074635356
1.275,-0.00882650085561942,5.60794017461092
1.276,-0.00886560519520982,5.60174983302536
1.277,-0.00890528008078354,5.595439035414
1.278,-0.00894551572055468,5.5890070914384
1.279,-0.0089863017641119,5.5824533066045
1.28,-0.00902762730241839,5.57577698226268
1.281,-0.00906948086781188,5.5689774156077
1.282,-0.00911185043400461,5.56205389967876
1.283,-0.00915472341608339,5.55500572335945
1.284,-0.00919808667050956,5.54783217137776
1.285,-0.00924192649511899,5.54053252430613
1.286,-0.00928622862912208,5.53310605856137
1.287,-0.00933097825310377,5.52555204640472
1.288,-0.00937615998902357,5.51786975594183
1.289,-0.00942175790021547,5.51005845112274
1.29,-0.00946775549138802,5.50211739174193
1.291,-0.00951413570862432,5.49404583343826
1.292,-0.00956088093938201,5.48584302769503
1.293,-0.00960797301249325,5.47750822183993
1.294,-0.00965539319816473,5.46904065904507
1.295,-0.00970312220797768,5.46043957832695
1.296,-0.0097511401948879,5.45170421454651
1.297,-0.00979942675322568,5.44283379840908
1.298,-0.00984796091869589,5.43382755646441
1.299,-0.00989672116837788,5.42468471110665
1.3,-0.0099456854207256,5.41540448057436
1.301,-0.0099948310355675,5.40598607895053
1.302,-0.0100441348141066,5.39642871616253
1.303,-0.0100935729989203,5.38673159798217
1.304,-0.0101431212739609,5.37689392602564
1.305,-0.0101927547645548,5.36691489775357
1.306,-0.0102424481436492,5.35679370566853
1.307,-0.0102921793958469,5.34652951902165
1.308,-0.0103419193788917,5.33612158217027
1.309,-0.0103916342828731,5.32556917129057
1.31,-0.0104412893209228,5.3148715611323
1.311,-0.0104908487292147,5.3040280250188
1.312,-0.0105402757669645,5.29303783484694
1.313,-0.0105895327164304,5.28190026108719
1.314,-0.0106385808829124,5.27061457278358
1.315,-0.0106873805947527,5.2591800375537
1.316,-0.0107358912033357,5.24759592158872
1.317,-0.0107840710830876,5.23586148965337
1.318,-0.0108318776314771,5.22397600508595
1.319,-0.0108792672690147,5.21193872979834
1.32,-0.0109261954392532,5.19974892427596
1.321,-0.0109726166087872,5.18740584757784
1.322,-0.0110184842672539,5.17490875733654
1.323,-0.0110637509273321,5.16225690975822
1.324,-0.0111083681247429,5.14944955962258
1.325,-0.0111522864182496,5.13648596028291
1.326,-0.0111954553896575,5.12336536366605
1.327,-0.0112378236438139,5.11008702027243
1.328,-0.0112793388086085,5.09665017917604
1.329,-0.0113199475349727,5.08305408802443
1.33,-0.0113595954968804,5.06929799303872
1.331,-0.0113982273913473,5.05538113901362
1.332,-0.0114357869384313,5.04130276931738
1.333,-0.0114722168812324,5.02706212589183
1.334,-0.0115074589858929,5.01265844925237
1.335,-0.0115414540415968,4.99809097848797
1.336,-0.0115741418605704,4.98335895126117
1.337,-0.0116054612780823,4.96846160380807
1.338,-0.0116353501524429,4.95339817093835
1.339,-0.0116637453650049,4.93816788603525
1.34,-0.0116905828201629,4.92276998105557
1.341,-0.0117157974453538,4.9072036865297
1.342,-0.0117393231910564,4.89146823156159
1.343,-0.0117610930307919,4.87556284382875
1.344,-0.0117810389611233,4.85948674958227
1.345,-0.0117990920016559,4.8432391736468
1.346,-0.0118151821950369,4.82681933942056
1.347,-0.0118292386069558,4.81022646887535
1.348,-0.0118411893261442,4.79345978255652
1.349,-0.0118509614643755,4.77651849958301
1.35,-0.0118584811564657,4.7594018376473
1.351,-0.0118636735602724,4.74210901301547
1.352,-0.0118664628566956,4.72463924052715
1.353,-0.0118667722496774,4.70699173359554
1.354,-0.0118645239662018,4.68916570420741
1.355,-0.0118596392562951,4.6711603629231
1.356,-0.0118520383930256,4.65297491887652
1.357,-0.0118416406725038,4.63460857977515
1.358,-0.0118283644138822,4.61606055190002
1.359,-0.0118121269593553,4.59733004010577
1.36,-0.01179284467416,4.57841624782056
1.361,-0.011770432946575,4.55931837704615
1.362,-0.0117448824533567,4.54003801576756
1.363,-0.011716314072003,4.52058068482762
1.364,-0.0116846039905123,4.50094406637723
1.365,-0.0116496172950253,4.4811254825847
1.366,-0.0116112255646278,4.46112245226391
1.367,-0.0115693068713506,4.44093269087437
1.368,-0.0115237457801697,4.42055411052118
1.369,-0.011474433349006,4.39998481995503
1.37,-0.0114212671287259,4.3792231245722
1.371,-0.0113641511631406,4.35826752641461
1.372,-0.0113029959890063,4.33711672416973
1.373,-0.0112377186360245,4.31576961317065
1.374,-0.0111682426268419,4.29422528539606
1.375,-0.01109449797705,4.27248302947026
1.376,-0.0110164211951855,4.25054233066312
1.377,-0.0109339552827304,4.22840287089013
1.378,-0.0108470497341115,4.20606452871237
1.379,-0.0107556605367009,4.18352737933653
1.38,-0.0106597501708157,4.16079169461488
1.381,-0.0105592876097182,4.13785794304531
1.382,-0.0104542483196156,4.11472678977128
1.383,-0.0103446142596604,4.0913990965819
1.384,-0.0102303738819502,4.06787592191181
1.385,-0.0101115221315274,4.0441585208413
1.386,-0.00998806044637988,4.02024834509623
1.387,-0.00985999675744046,3.9961470430481
1.388,-0.00972734548858701,3.97185645971396
1.389,-0.00959012755664251,3.94737863675647
1.39,-0.0094483703713751,3.92271581248391
1.391,-0.009302107835498,3.89787042185015
1.392,-0.00915138034466951,3.87284509645465
1.393,-0.00899623478749297,3.84764266454246
1.394,-0.00883672454551691,3.82226615100426
1.395,-0.00867290949323498,3.79671877737632
1.396,-0.00850485599808582,3.77100396184048
1.397,-0.00833263692045317,3.74512531922419
1.398,-0.00815633161366599,3.71908666100053
1.399,-0.00797602592399826,3.69289199528815
1.4,-0.00779181219066905,3.6665455268513
1.401,-0.00760378924584251,3.64005165709983
1.402,-0.00741206241462792,3.6134149840892
1.403,-0.00721674351507971,3.58664030252045
1.404,-0.00701795085819733,3.55973260374025
1.405,-0.00681580924792529,3.53269707574082
1.406,-0.00661044998115328,3.50553910316003
1.407,-0.00640201084771615,3.47826426728131
1.408,-0.00619063613039368,3.45087834603372
1.409,-0.00597647660491081,3.42338731399188
1.41,-0.00575968953993761,3.39579734237605
1.411,-0.00554043869708933,3.36811479905206
1.412,-0.00531895514164546,3.34034899123889
1.413,-0.0050955759685056,3.31251307818292
1.414,-0.00487059612196704,3.28461779741912
1.415,-0.00464430435725211,3.25667368540084
1.416,-0.00441698376853511,3.22869110371817
1.417,-0.00418891178894248,3.20068023909803
1.418,-0.00396036019055286,3.17265110340409
1.419,-0.00373159508439698,3.14461353363684
1.42,-0.0035028769204576,3.1165771919335
1.421,-0.00327446048766957,3.08855156556811
1.422,-0.00304659491391996,3.06054596695148
1.423,-0.00281952366604795,3.03256953363122
1.424,-0.00259348454984472,3.0046312282917
1.425,-0.00236870971005359,2.97673983875407
1.426,-0.00214542563036997,2.94890397797628
1.427,-0.00192385313344147,2.92113208405306
1.428,-0.00170420738086779,2.89343242021592
1.429,-0.00148669787320066,2.86581307483314
1.43,-0.0012715284499439,2.8382819614098
1.431,-0.00105889728955354,2.81084681858775
1.432,-0.000848996909437725,2.78351521014564
1.433,-0.000642014165956609,2.75629452499888
1.434,-0.000438130254422453,2.72919197719967
1.435,-0.000237520709099718,2.70221460593701
1.436,-4.03554032049631e-05,2.67536927553666
1.437,0.000153201451093214,2.64866267546117
1.438,0.000342991302674124,2.62210132030987
1.439,0.000528861261464881,2.59569154981887
1.44,0.000710664098440489,2.5694395288611
1.441,0.000888258628839958,2.54335121770424
1.442,0.00106155216941422,2.51742982338439
1.443,0.00123050010151396,2.49167737603204
1.444,0.00139505706631619,2.46609663875708
1.445,0.00155518276009746,2.44069022215445
1.446,0.00171084193423378,2.4154605843041
1.447,0.00186200439520056,2.39041003077099
1.448,0.00200864500457267,2.36554071460513
1.449,0.00215074367902453,2.34085463634154
1.45,0.00228828539033002,2.31635364400024
1.451,0.00242126016536241,2.2920394330863
1.452,0.00254966308609446,2.26791354658982
1.453,0.00267349428959843,2.24397737498589
1.454,0.00279275896804606,2.22023215623464
1.455,0.00290746736870851,2.19667897578122
1.456,0.00301763479395639,2.17331876655582
1.457,0.00312328160125985,2.15015230897362
1.458,0.00322443320318847,2.12718023093484
1.459,0.00332112006741129,2.10440300782472
1.46,0.00341337771669678,2.08182096251353
1.461,0.00350124672891296,2.05943426535655
1.462,0.00358477273702728,2.03724293419409
1.463,0.00366400642910663,2.01524683435147
1.464,0.00373900354831738,1.99344567863905
1.465,0.00380982489292538,1.97183902735221
1.466,0.00387653631629597,1.95042628827133
1.467,0.00393920872689389,1.92920671666184
1.468,0.00399791808828339,1.90817941527418
1.469,0.00405274541912819,1.88734333434382
1.47,0.00410377679319148,1.86669727159122
1.471,0.00415109857496326,1.84624004456018
1.472,0.00419474967804098,1.82597226114717
1.473,0.00423479744513319,1.8058935975315
1.474,0.00427132183955967,1.78600327049552
1.475,0.00430440248660578,1.76630049541216
1.476,0.00433411867352239,1.74678448624481
1.477,0.00436054934952594,1.72745445554743
1.478,0.00438377312579844,1.70830961446446
1.479,0.00440386827548739,1.68934917273088
1.48,0.00442091273370589,1.67057233867221
1.481,0.00443498409753255,1.65197831920447
1.482,0.00444615962601156,1.6335663198342
1.483,0.00445451624015263,1.61533554465846
1.484,0.00446013052293103,1.59728519636486
1.485,0.00446307871928758,1.57941447623149
1.486,0.00446343673612864,1.56172258412699
1.487,0.00446128014232611,1.54420871851051
1.488,0.00445668416871746,1.52687207643174
1.489,0.0044497237081057,1.50971185353086
1.49,0.00444047331525936,1.49272724403858
1.491,0.00442900720691256,1.47591744077616
1.492,0.00441539926176493,1.45928163515536
1.493,0.00439972302048167,1.44281901717845
1.494,0.00438205168569353,1.42652877543824
1.495,0.00436245812199678,1.41041009711806
1.496,0.00434101485595327,1.39446216799175
1.497,0.00431779407609037,1.37868417242369
1.498,0.00429286763290102,1.36307529336875
1.499,0.00426630703884368,1.34763471237236
1.5,0.0042381834683424,1.33236160957045
1.501,0.00420856702292717,1.3172551556209
1.502,0.00417751964878348,1.30231450384708
1.503,0.00414510280181451,1.28753893286398
1.504,0.00411137784358326,1.27292774043544
1.505,0.00407640509446947,1.25848022192764
1.506,0.00404024383366966,1.24419567030908
1.507,0.00400295229919707,1.2300733761506
1.508,0.00396458768788174,1.21611262762536
1.509,0.0039252061553704,1.20231271050888
1.51,0.00388486281612656,1.18867290817896
1.511,0.00384361174343048,1.17519250161577
1.512,0.00380150596937919,1.16187076940181
1.513,0.00375859748488644,1.14870698772188
1.514,0.00371493723968274,1.13570043036314
1.515,0.00367057514231535,1.12285036871506
1.516,0.0036255600601483,1.11015607176946
1.517,0.00357993981936235,1.09761680612048
1.518,0.00353376120495501,1.08523183596459
1.519,0.00348706996074055,1.07300042310058
1.52,0.00343991078935,1.06092182692959
1.521,0.00339232735223112,1.04899530445509
1.522,0.00334436226964842,1.03722011028285
1.523,0.00329605712068319,1.02559549662101
1.524,0.00324745244323344,1.01412071328002
1.525,0.00319858773401396,1.00279500767265
1.526,0.00314950144855626,0.991617624814025
1.527,0.00310023100120862,0.980587807321588
1.528,0.00305081276513606,0.969704795415106
1.529,0.00300128207232037,0.95896782691669
1.53,0.00295167321356007,0.948376137250769
1.531,0.00290201943847044,0.937928959444111
1.532,0.00285235295548351,0.927625524125807
1.533,0.00280270493184806,0.917465059527287
1.534,0.00275310549362962,0.907446791482302
1.535,0.00270358372571049,0.897569943426941
1.536,0.00265416767178968,0.887833736399618
1.537,0.002604884334383,0.878237389041082
1.538,0.00255575967482296,0.868780117594406
1.539,0.00250681861325886,0.859461135905001
1.54,0.00245808502865674,0.850279655420601
1.541,0.00240958175879939,0.841234885191277
1.542,0.00236133060028633,0.832326031869423
1.543,0.00231335230853388,0.823552299709772
1.544,0.00226566659777506,0.814912890569379
1.545,0.00221829214105968,0.806407003907636
1.546,0.00217124657025427,0.798033836786258
1.547,0.00212454647604213,0.789792583869299
1.548,0.00207820753805529,0.78168243430411
1.549,0.00203225466295481,0.773702343750256
1.55,0.00198670779370679,0.7658514164408
1.551,0.00194157980349939,0.758128931921504
1.552,0.00189688326708079,0.750534175229616
1.553,0.00185263046075925,0.743066436893885
1.554,0.00180883336240305,0.735725012934546
1.555,0.00176550365144057,0.728509204863335
1.556,0.00172265270886021,0.721418319683477
1.557,0.00168029161721043,0.714451669889695
1.558,0.00163843116059976,0.707608573468203
1.559,0.00159708182469679,0.700888353896711
1.56,0.00155625379673012,0.69429034014442
1.561,0.00151595696548846,0.687813866672029
1.562,0.00147620092132055,0.681458273431727
1.563,0.00143699495613518,0.675222905867202
1.564,0.0013983480634012,0.669107114913629
1.565,0.00136026893814752,0.663110256997684
1.566,0.0013227659769631,0.657231694037531
1.567,0.00128584727799697,0.651470793442834
1.568,0.00124952064095817,0.645826928114745
1.569,0.00121379356711586,0.640299476445915
1.57,0.0011786732592992,0.634887822320484
1.571,0.00114416662189744,0.629591355114091
1.572,0.00111028026085986,0.624409469693865
1.573,0.00107702048369582,0.619341566418432
1.574,0.00104439329947471,0.614387051137909
1.575,0.00101240441882598,0.609545335193911
1.576,0.000981059253939157,0.604815835419541
1.577,0.000950362918563803,0.600197974139403
1.578,0.00092032022800953,0.595691179169588
1.579,0.000890935699146028,0.591294883817688
1.58,0.000862213550403014,0.587008526882782
1.581,0.000834157701770288,0.58283155265545
1.582,0.000806771774797677,0.578763410917758
1.583,0.000780059092595091,0.574803556943275
1.584,0.000754022679832469,0.570951451497055
1.585,0.00072866526273983,0.567206560835653
1.586,0.000703989269107227,0.563568356707114
1.587,0.000679996828284771,0.560036316350978
1.588,0.000656689771182638,0.556609922498279
1.589,0.000634069630271062,0.553288663371547
1.59,0.000612137639580316,0.550072032684803
1.591,0.000590894734700731,0.546959529643562
1.592,0.000570341552782707,0.543950658944835
1.593,0.000550478432536688,0.541044930777126
1.594,0.000531305414233175,0.538241860820432
1.595,0.000512822239702718,0.535540970246246
1.596,0.000495028352335932,0.532941785717554
1.597,0.000477922897083487,0.530443839388835
1.598,0.000461504720456101,0.528046668906064
1.599,0.000445772370524546,0.525749817406708
1.6,0.000430724096919655,0.523552833519728
1.601,0.000416357850832318,0.521455271365581
1.602,0.000402671285013469,0.519456690556217
1.603,0.000389661753774107,0.517556656195078
1.604,0.000377326312985281,0.515754738877103
1.605,0.000365661720078103,0.514050514688724
1.606,0.000354665494090481,0.512443622006244
1.607,0.000344345347243413,0.510934257236872
1.608,0.000334704787856052,0.509522391719814
1.609,0.00032574521889724,0.508207897066626
1.61,0.000317467978355712,0.506990656037357
1.611,0.000309874339240106,0.505870562540549
1.612,0.000302965509578965,0.504847521633234
1.613,0.00029674263242073,0.503921449520937
1.614,0.00029120678583374,0.503092273557675
1.615,0.000286358982906237,0.502359932245957
1.616,0.000282200171746362,0.501724375236782
1.617,0.000278731235482161,0.501185563329643
1.618,0.000275952992261576,0.500743468472524
1.619,0.000273866195252448,0.500398073761902
1.62,0.000272471532642525,0.500149373442743
1.621,0.000271769627639451,0.499997372908508
1.622,0.00027176103847077,0.499942088701149
1.623,0.00027244625838393,0.49998354851111
1.624,0.000273825715646277,0.500121791177324
1.625,0.000275899773545057,0.500356866687221
1.626,0.000278668730387419,0.500688836176718
1.627,0.000282132819500411,0.501117771930228
1.628,0.000286292209230983,0.501643757380652
1.629,0.000291147002945982,0.502266887109387
1.63,0.000296697239032159,0.502987266846318
1.631,0.000302942890896167,0.503805013469824
1.632,0.000309883866964554,0.504720255006776
1.633,0.000317520010683772,0.505733130632536
1.634,0.000325851100520173,0.506843790670958
1.635,0.000334876849960012,0.508052396594388
1.636,0.000344596907509442,0.509359121023665
1.637,0.000355010856694514,0.510764147728117
1.638,0.000366118216061183,0.512267671625567
1.639,0.000377918439175308,0.513869898782329
1.64,0.000390410914622643,0.515571046413208
1.641,0.000403594966008838,0.517371342881501
1.642,0.000417469851959457,0.519271027698997
1.643,0.000432034766119956,0.521270351525978
1.644,0.000447288837155693,0.523369576171217
1.645,0.000463231128751921,0.525568974591978
1.646,0.000479860639613803,0.527868830894018
1.647,0.000497176303466402,0.530269440331587
1.648,0.000515176989054674,0.532771109307424
1.649,0.000533861500143478,0.535374155372761
1.65,0.000553228575517575,0.538078907227323
1.651,0.000573276888981634,0.540885704719328
1.652,0.000594005049360209,0.543794898845481
1.653,0.00061541160049777,0.546806851750983
1.654,0.000637495021258669,0.549921936729526
1.655,0.000660253725527185,0.553140538223295
1.656,0.000683686062207469,0.556463051822962
1.657,0.000707790315223597,0.559889884267699
1.658,0.000732564703519524,0.563421453445161
1.659,0.000758007381059127,0.567058188391502
1.66,0.000784116436826161,0.570800529291363
1.661,0.000810889894824307,0.574648927477881
1.662,0.000838325714077119,0.578603845432682
1.663,0.000866420699886724,0.582665769209847
1.664,0.00089515775317421,0.586835406031288
1.665,0.000924532824271841,0.591113434110575
1.666,0.000954546976895183,0.595500485329023
1.667,0.000985200688464481,0.599997195346694
1.668,0.00101649385010461,0.604604203602386
1.669,0.00104842576664513,0.609322153313644
1.67,0.00108099515662023,0.614151691476754
1.671,0.00111420015226876,0.619093468866746
1.672,0.00114803829953423,0.62414814003739
1.673,0.00118250655806481,0.629316363321202
1.674,0.00121760130121331,0.634598800829436
1.675,0.0012533183160372,0.639996118452094
1.676,0.00128965280329861,0.645508985857915
1.677,0.00132659937746433,0.651138076494386
1.678,0.00136415206670579,0.656884067587731
1.679,0.00140230431289908,0.662747640142922
1.68,0.00144104897162495,0.668729478943669
1.681,0.0014803783121688,0.674830272552429
1.682,0.00152028401752068,0.681050713310396
1.683,0.00156075718437532,0.687391497337512
1.684,0.00160178832313207,0.693853324532457
1.685,0.00164336735789495,0.700436898572659
1.686,0.00168548362647265,0.707142926914282
1.687,0.00172812588037849,0.713972120792239
1.688,0.00177128228483044,0.72092519522018
1.689,0.00181494041875118,0.728002868990501
1.69,0.00185908727476797,0.735205864674339
1.691,0.00190370925921277,0.742534908621576
1.692,0.00194879219212219,0.749990730960832
1.693,0.00199432130723749,0.757574065599474
1.694,0.00204028125200458,0.765285650223609
1.695,0.00208665608757404,0.773126226298089
1.696,0.00213342928880106,0.781096539066504
1.697,0.00218058374424557,0.789197337551193
1.698,0.00222810175617206,0.797429374553231
1.699,0.00227596504054975,0.805793406652441
1.7,0.00232415472705246,0.814290194207385
1.701,0.00237265135905871,0.822920501355369
1.702,0.00242143489365163,0.83168509601244
1.703,0.00247048470161906,0.840584749873391
1.704,0.00251977956745342,0.849620238411754
1.705,0.00256929768935187,0.858792340879807
1.706,0.00261901667921615,0.868101840308565
1.707,0.00266891356265272,0.877549523507793
1.708,0.00271896477897262,0.887136181065991
1.709,0.00276914618119163,0.896862607350409
1.71,0.00281943303603011,0.906729600507032
1.711,0.00286980002391314,0.916737962460595
1.712,0.00292022093585986,0.926888503012839
1.713,0.00297066392461336,0.937182064443888
1.714,0.00302109705065134,0.947619395213089
1.715,0.00307148846336463,0.958201219094581
1.716,0.00312180523491178,0.968928261291141
1.717,0.00317201336021899,0.979801248434178
1.718,0.00322207775698016,0.990820908583739
1.719,0.00327196226565689,1.00198797122851
1.72,0.0033216296494785,1.01330316728582
1.721,0.00337104159444196,1.02476722910161
1.722,0.00342015870931193,1.03638089045049
1.723,0.00346894052562081,1.04814488653569
1.724,0.00351734549766867,1.06005995398908
1.725,0.00356533100252325,1.07212683087117
1.726,0.00361285334002,1.08434625667108
1.727,0.00365986773276207,1.09671897230662
1.728,0.00370632832612031,1.10924572012418
1.729,0.00375218818823323,1.12192724389884
1.73,0.00379739931000706,1.13476428883426
1.731,0.00384191260511571,1.14775760156279
1.732,0.0038856779100008,1.16090793014538
1.733,0.00392864398387163,1.17421602407164
1.734,0.00397075850870517,1.1876826342598
1.735,0.00401196808924613,1.20130851305674
1.736,0.00405221825300689,1.21509441423796
1.737,0.00409145345026752,1.22904109300763
1.738,0.00412961705407577,1.24314930599851
1.739,0.00416665136024711,1.25741981127202
1.74,0.00420249758736469,1.27185336831825
1.741,0.00423709587677935,1.28645073805586
1.742,0.00427038529260963,1.3012126828322
1.743,0.00430230382174175,1.31613996642323
1.744,0.00433278837382965,1.33123335403356
1.745,0.00436177478129493,1.34649361229643
1.746,0.00438919779932689,1.36192150927372
1.747,0.00441499110588255,1.37751781445595
1.748,0.00443908730168659,1.39328329876226
1.749,0.00446141791023141,1.40921873454046
1.75,0.00448191337777707,1.42532489556695
1.751,0.00450050307335135,1.44160255704681
1.752,0.00451711528874972,1.45805249561374
1.753,0.00453167723853533,1.47467548933007
1.754,0.00454411506003902,1.49147231768678
1.755,0.00455435381335936,1.50844376160347
1.756,0.00456231748136256,1.5255906034284
1.757,0.00456792896968256,1.54291362693844
1.758,0.00457111010672098,1.56041361733912
1.759,0.00457178164364714,1.5780913612646
1.76,0.00456986759251977,1.59594754257375
1.761,0.00456534081478915,1.61398170922266
1.762,0.00455812331193948,1.63219474738385
1.763,0.00454811909616127,1.65058798238038
1.764,0.00453523442291395,1.669162677186
1.765,0.00451937779092596,1.68792003242514
1.766,0.00450045994219472,1.70686118637295
1.767,0.0044783938619866,1.72598721495524
1.768,0.00445309477883698,1.74529913174852
1.769,0.00442448016455019,1.76479788797998
1.77,0.00439246973419955,1.78448437252752
1.771,0.00435698544612737,1.8043594119197
1.772,0.0043179515019449,1.82442377033579
1.773,0.00427529434653242,1.84467814960575
1.774,0.00422894266803913,1.86512318921022
1.775,0.00417882739788325,1.88575946628052
1.776,0.00412488171075196,1.90658749559868
1.777,0.00406704102460142,1.9276077295974
1.778,0.00400524300065676,1.94882055836009
1.779,0.00393942754341211,1.97022630962082
1.78,0.00386953680063053,1.99182524876439
1.781,0.00379551516334413,2.01361757882624
1.782,0.00371730926585392,2.03560344049254
1.783,0.00363486798572995,2.05778291210012
1.784,0.00354814244381119,2.08015600963653
1.785,0.00345708600420565,2.10272268673997
1.786,0.00336165427429026,2.12548283469936
1.787,0.00326180510471097,2.14843628245429
1.788,0.00315749858938266,2.17158279659507
1.789,0.00304869706548926,2.19492208136264
1.79,0.00293536511348359,2.2184537786487
1.791,0.00281746955708753,2.24217746799559
1.792,0.00269497946329185,2.26609266659635
1.793,0.0025678661423564,2.29019882929471
1.794,0.0024361031478099,2.31449534858509
1.795,0.00229965579664778,2.33898195312037
1.796,0.00215849739379805,2.36365836637593
1.797,0.00201266468105705,2.38852222719258
1.798,0.00186220537931787,2.41357080683387
1.799,0.00170717523162332,2.4388011123208
1.8,0.0015476380031656,2.46420988643183
1.801,0.00138366548128664,2.48979360770287
1.802,0.00121533747547774,2.51554849042731
1.803,0.00104274181737994,2.54147048465599
1.804,0.000865974360783661,2.56755527619719
1.805,0.000685138981629037,2.59379828661668
1.806,0.000500347578005606,2.62019467323767
1.807,0.000311720070152615,2.64673932914083
1.808,0.000119384400458708,2.6734268831643
1.809,-7.65234665377544e-05,2.70025169990366
1.81,-0.000275859544149021,2.72720787971198
1.811,-0.000478471823537618,2.75428925869976
1.812,-0.000684200273716687,2.78148940873497
1.813,-0.000892876841549643,2.80880163744304
1.814,-0.00110432545175052,2.83621898820686
1.815,-0.00131836200688361,2.86373424016677
1.816,-0.00153479438736386,2.8913399082206
1.817,-0.00175342245145644,2.91902824302358
1.818,-0.00197403803527717,2.94679123098847
1.819,-0.00219642495279214,2.97462059428544
1.82,-0.00242035899581804,3.00250779084213
1.821,-0.00264560793402186,3.03044401434364
1.822,-0.00287193151492118,3.05842019423255
1.823,-0.00309908146388385,3.08642699570886
1.824,-0.00332680148412839,3.11445481973007
1.825,-0.00355482725672352,3.1424938030111
1.826,-0.00378288644058863,3.17053381802437
1.827,-0.00401069867249334,3.19856447299973
1.828,-0.00423797556705795,3.22657511192449
1.829,-0.00446442080300485,3.25455481661845
1.83,-0.00468977087959925,3.28249350230416
1.831,-0.0049137928858202,3.31038221142416
1.832,-0.00513624600385969,3.33821194987402
1.833,-0.00535689850938663,3.36597401478688
1.834,-0.00557552777154731,3.39365999453353
1.835,-0.00579192025296491,3.42126176872228
1.836,-0.00600587150974,3.44877150819912
1.837,-0.00621718619145006,3.47618167504759
1.838,-0.00642567804114991,3.50348502258885
1.839,-0.00663116989537134,3.53067459538164
1.84,-0.00683349368412343,3.55774372922232
1.841,-0.00703249043089225,3.58468605114483
1.842,-0.00722801025264119,3.61149547942074
1.843,-0.00741991235981058,3.63816622355917
1.844,-0.00760806505631807,3.66469278430689
1.845,-0.0077923457395583,3.69106995364824
1.846,-0.00797264090040321,3.71729281480517
1.847,-0.00814884612320169,3.74335674223722
1.848,-0.00832086608577997,3.76925740164154
1.849,-0.00848861455944123,3.79499074995287
1.85,-0.00865201440896598,3.82055303534355
1.851,-0.00881099759261168,3.84594079722352
1.852,-0.00896550516211311,3.87115086624033
1.853,-0.00911548726268202,3.89618036427912
1.854,-0.00926090313300747,3.92102670446262
1.855,-0.00940172110525549,3.94568759115118
1.856,-0.00953791860506939,3.97016101994272
1.857,-0.00966948215156958,3.9944452776728
1.858,-0.00979640735735358,4.01853894241455
1.859,-0.00991869892849602,4.0424408834787
1.86,-0.0100363706645488,4.06615026141358
1.861,-0.0101494454585408,4.08966652800513
1.862,-0.0102579464033755,4.11298918418745
1.863,-0.0103618917773423,4.13611751125679
1.864,-0.0104613305782505,4.15905150805727
1.865,-0.0105563147843242,4.18179125262857
1.866,-0.0106468976665,4.20433685991827
1.867,-0.0107331337884272,4.22668848178178
1.868,-0.0108150790064679,4.24884630698244
1.869,-0.0108927904696967,4.27081056119143
1.87,-0.010966326619901,4.29258150698781
1.871,-0.0110357471915808,4.3141594438585
1.872,-0.0111011132119488,4.33554470819831
1.873,-0.0111624870009303,4.35673767330994
1.874,-0.0112199321711633,4.37773874940393
1.875,-0.0112735136279986,4.39854838359871
1.876,-0.0113232975694993,4.41916705992058
1.877,-0.0113693514864417,4.43959529930373
1.878,-0.0114117441623143,4.4598336595902
1.879,-0.0114505456733185,4.47988273552991
1.88,-0.0114858273883682,4.49974315878066
1.881,-0.0115176619690903,4.51941559790814
1.882,-0.0115461233698239,4.53890075838588
1.883,-0.0115712868376212,4.5581993825953
1.884,-0.0115932289122468,4.5773122498257
1.885,-0.011612027426178,4.59624017627425
1.886,-0.0116277615046049,4.61498401504598
1.887,-0.0116405115654301,4.63354465615381
1.888,-0.011650359319269,4.65192302651854
1.889,-0.0116573877694496,4.67012008996882
1.89,-0.0116616812120126,4.68813684724119
1.891,-0.0116633252357113,4.70597433598007
1.892,-0.0116624067220117,4.72363363073773
1.893,-0.0116590138450925,4.74111584297434
1.894,-0.0116532246637276,4.758421886593
1.895,-0.0116450905908107,4.7755520577485
1.896,-0.011634686637018,4.79250707153219
1.897,-0.0116220885927789,4.80928767850337
1.898,-0.0116073711836993,4.82589462930412
1.899,-0.0115906080705619,4.84232867465927
1.9,-0.0115718718493261,4.85859056537638
1.901,-0.011551234051128,4.8746810523458
1.902,-0.0115287651422802,4.8906008865406
1.903,-0.0115045345242724,4.90635081901663
1.904,-0.0114786105337707,4.92193160091248
1.905,-0.0114510604426179,4.93734398344951
1.906,-0.0114219504578337,4.9525887179318
1.907,-0.0113913457216143,4.96766655574621
1.908,-0.0113593103113328,4.98257824836236
1.909,-0.0113259072395387,4.99732454733261
1.91,-0.0112911984539585,5.01190620429208
1.911,-0.0112552448374953,5.02632397095863
1.912,-0.0112181062082288,5.04057859913288
1.913,-0.0111798413194155,5.05467084069823
1.914,-0.0111405078594887,5.0686014476208
1.915,-0.0111001624520581,5.08237117194948
1.916,-0.0110588606559105,5.0959807658159
1.917,-0.011016656965009,5.10943098143447
1.918,-0.0109736048084936,5.12272257110233
1.919,-0.0109297565506812,5.13585628719938
1.92,-0.0108851634910649,5.14883288218828
1.921,-0.010839875864315,5.16165310861443
1.922,-0.0107939428402782,5.17431771910601
1.923,-0.010747412523978,5.18682746637393
1.924,-0.0107003319556146,5.19918310321185
1.925,-0.0106527471105648,5.21138538249622
1.926,-0.0106047028993824,5.2234350571862
1.927,-0.0105562431677975,5.23533288032373
1.928,-0.0105074106967172,5.24707960503349
1.929,-0.0104582472022251,5.25867598452293
1.93,-0.0104087933355817,5.27012277208224
1.931,-0.0103590886832241,5.28142072108437
1.932,-0.0103091717667659,5.29257058498503
1.933,-0.0102590800429978,5.30357311732266
1.934,-0.010208849903887,5.31442907171848
1.935,-0.0101585166765773,5.32513920187646
1.936,-0.0101081146233893,5.33570426158331
1.937,-0.0100576769418203,5.3461250047085
1.938,-0.0100072404295554,5.35640250796315
1.939,-0.00995683902769441,5.36653794484591
1.94,-0.0099064976488578,5.37653204588973
1.941,-0.00985624067390986,5.38638553748101
1.942,-0.009806091991465,5.39609914420642
1.943,-0.00975607499788765,5.40567358885288
1.944,-0.00970621259729234,5.41510959240759
1.945,-0.00965652720154362,5.42440787405802
1.946,-0.00960704073025612,5.43356915119189
1.947,-0.00955777461079452,5.44259413939719
1.948,-0.00950874977827355,5.45148355246217
1.949,-0.009459986675558,5.46023810237538
1.95,-0.00941150525326274,5.46885849932558
1.951,-0.00936332496975265,5.47734545170183
1.952,-0.00931546479114272,5.48569966609346
1.953,-0.00926794319129796,5.49392184729005
1.954,-0.00922077815183345,5.50201269828144
1.955,-0.00917398716211431,5.50997292025776
1.956,-0.00912758721925576,5.51780321260937
1.957,-0.00908159482812302,5.52550427292694
1.958,-0.00903602600133142,5.53307679700136
1.959,-0.0089908962592463,5.54052147882381
1.96,-0.00894622062998311,5.54783901058575
1.961,-0.00890201364940729,5.55503008267886
1.962,-0.0088582893611344,5.56209538369513
1.963,-0.00881506131653002,5.5690356004268
1.964,-0.00877234257470981,5.57585141786635
1.965,-0.00873014570253945,5.58254351920658
1.966,-0.00868848277463472,5.5891125858405
1.967,-0.00864736537336144,5.59555929736141
1.968,-0.00860680458883547,5.60188433156289
1.969,-0.00856681101892275,5.60808836443876
1.97,-0.00852739476923929,5.61417207018311
1.971,-0.00848856545315109,5.62013612119031
1.972,-0.0084503321917743,5.62598118805497
1.973,-0.00841270361397504,5.631707939572
1.974,-0.00837568785636956,5.63731704273655
1.975,-0.00833929256332411,5.64280916274404
1.976,-0.00830352488695504,5.64818496299015
1.977,-0.00826839148712872,5.65344510507085
1.978,-0.00823389853146161,5.65859024878234
1.979,-0.00820005169532019,5.66362105212111
1.98,-0.00816685616182105,5.66853817128391
1.981,-0.00813431662183077,5.67334226066775
1.982,-0.00810243727396605,5.67803397286991
1.983,-0.0080712218245936,5.68261395868793
1.984,-0.00804067348783023,5.68708286711963
1.985,-0.00801079498554275,5.69144134536308
1.986,-0.0079815885473481,5.69569003881662
1.987,-0.0079530559106132,5.69982959107886
1.988,-0.00792519832045508,5.70386064394866
1.989,-0.00789801652974081,5.70778383742516
1.99,-0.00787151079908753,5.71159980970777
1.991,-0.0078456808968624,5.71530919719615
1.992,-0.00782052609918268,5.71891263449024
1.993,-0.00779604518991565,5.72241075439022
1.994,-0.0077722364606787,5.72580418789657
1.995,-0.0077490977108392,5.72909356421002
1.996,-0.00772662624751465,5.73227951073155
1.997,-0.00770481888557257,5.73536265306243
1.998,-0.00768367194763054,5.73834361500418
1.999,-0.0076631812640562,5.74122301855858
2,-0.00764334217296724,5.74400148392771
